key,Globasa,English,Esperanto,Spanish,German,Dutch,French,Italian,Russian,Latin,Ancient Greek,Hebrew,Arabic,Mandarin Chinese,Japanese,Old English,Yiddish,Turkish,Tatar,Portuguese,Romanian,Swedish,Sanskrit,Greek,Polish,Bulgarian,Ukrainian,Serbian,Czech,Hungarian,Korean,Vietnamese,Indonesian,Malay,Tagalog,Persian,Hindi,Urdu,Bengali,Tamil,Telugu,Kannada,Malayalam,Gujarati,Panjabi,Swahili
pos,Lexiklase,PoS,Vortspeco,Cat. gram.,Wortart,Woordsoort,Cat. gram.,Cat. gram.,Часть речи,Pars orationis,Μέρος λόγου,חלק דיבור,جزء الكلام,词类,品詞,,רעד־טייל,Söz türü,Сүз төркеме,classe gramatical,parte de vorbire,ordklass,विभक्तिः,μέρος του λόγου,część mowy,част на речта́,части́на мо́ви,Део говора,slovní druh,szófaj,품사,từ loại,kelas kata,golongan kata,bahagi ng pananalita,نوع کلمه,शब्द भेद,کَلِمَہ,পদ,சொல்,భాషాభాగము,,വാക്പദവിഭാഗം,વ્યાકરણિક શ્રેણી,ਸ਼ਬਦ-ਸ਼੍ਰੇਣੀ,Aina ya neno
verb_type,Felfalelexi,Verb type,Verbtipo,Tipo de verbo,Verbtyp,Werkwoordtype,Type de verbe,Tipo di verbo,Тип глагола,Modus verbi,,סוג פועל,نوع الفعل,动词类型,動詞の種類,,ווערב־טיפּ,Fiil türü,Фигыль төре,verbo,verb,verb,क्रिया,ρήμα,czasownik,глаго́л,дієсло́во,Тип глагола,sloveso,ige,동사,động từ,verba,kata kerja,pandiwa,نوع فعل,क्रिया,فِعْل,ক্রিয়া,வினைச்சொல்,క్రియ,ಕ್ರಿಯಾಪದ,ക്രിയ,ક્રિયાપદ,ਕਿਰਿਆ,kitenzi
tags,Label,Tags,Etikedoj,Etiquetas,Schlagwörter,Tags,Étiquettes,Etichette,Теги,Notae,,תגיות,وسوم,标签分类,タグ一覧,,טאַגס,Etiketler,Тэглар,etiqueta,etichetă,etikett,चिह्नानि,ετικέτα,metka,етикет,тег,Ознаке,štítek,címke,술래잡기,nhãn,label,tanda,Mga tag,اتیکت,लेबल,لیبل,লেবেল,குறிச்சொற்கள்,ట్యాగులు,,ടാഗുകൾ,ટેગ્સ,ਟੈਗ,Lebo
category,Klase,Category,Kategorio,Categoría,Kategorie,Categorie,Catégorie,Categoria,Категория,Categoria,κατηγορία,קטגוריה,فئة,词汇类别,語彙カテゴリー,,קאַטעגאָריע,Kategori,Категория,categoria,categorie,kategori,कृपा,κατηγορία,kategoria,катего́рия,катего́рія,Категорија,kategorie,kategória,부문,thể loại,baik,jenis,uri,رده,वर्ग,زُمْرَہ,বিষয়শ্রেণী,வகை,రకము,,തരം,શ્રેણી,ਵਰਗ,aina
etymology,Lexiasel,Etymology,Etimologio,Etimología,Etymologie,Etymologie,Étymologie,Etimologia,Этимология,Etymologia,Ἐτυμολογία,אטימולוגיה,أصل الكلمة,词源信息,語源情報,namena ordfruma,עטימאָלאָגיע,Etimoloji,Этимология,etimologia,etimologie,etymologi,व्युत्पत्ति,ετυμολογία,źródłosłów,етимоло́гия,етимоло́гія,Етимологија,etymologie,szófejtés,어원,từ nguyên,etimologi,etimologi,panuysuyan,ریشه‌شناسی,व्युत्पत्ति,صَرْف,শব্দতত্ত্ব,சொற்பிறப்பியல்,వ్యుత్పత్తి,ಪದದ ಹಿನ್ನೆಲೆ,നിരുക്തം,મૂળશાસ્ત્ર,ਮੂਲ-ਸ਼ਾਸਤਰ,etimolojia
derived_words,Tongilexi,Derived words,Derivitaj vortoj,Palabras derivadas,Abgeleitete Wörter,Afgeleide woorden,Mots dérivés,Parole derivate,Производные слова,Verba derivata,γονή,מילים נגזרות,كلمات مشتقّة,派生词列表,派生語一覧,,אָפּגעלענטע ווערטער,Türetilmiş kelimeler,Туынды сүзләр,derivado,derivație,avledning,उत्पन्नशब्दाः,παράγωγο,derywacja,деривация,Похідні слова,Изведене речи,odvození,kinyerés,파생어,Từ phái sinh,turunan,Kata terbitan,hango,اشتقاقی,व्युत्पन्न शब्द,ماخوذ الفاظ,উৎপন্ন শব্দ,வழிச்சொற்கள்,ఉత్పన్న పదాలు,,ഉത്പന്നപദങ്ങൾ,ઉત્પન્ન શબ્દો,ਉਤਪੰਨ ਸ਼ਬਦ,kinyambuo
example_sentences,Misalli jumle,Example sentences,Ekzemplaj frazoj,Oraciones de ejemplo,Beispielsätze,Voorbeeldzinnen,Phrases d'exemple,Frasi di esempio,Примеры предложений,Sententiae exemplares,παράδειγμα,משפטי דוגמה,جمل نموذجيّة,用例句,用例文,bȳsn,בײַשפּיל־זאַצן,Örnek cümleler,Мисал җөмләләр,exemplo,pildă,exempel,उदाहरण,παράδειγμα,przykład,при́мер,при́клад,Примери реченица,příklad,példa,례,ví dụ,misal,misal,halimbawa,جملات نمونه,मिसाल,مِثال,নমুনা,எடுத்துக்காட்டு,ఉదాహరణము,,ഉദാഹരണം,ઉદાહરણ વાક્યો,ਮਿਸਾਲ,mfano
constructions,Kostrui,Constructions,Konstruaĵoj,Construcciones,Konstruktionen,Constructies,Constructions,Costruzioni,Конструкции,Constructiones,,מבנים,تراكيب,构式用法,構文パターン,,קאָנסטרוקציעס,Yapılar,Конструкцияләр,edificação,clădire,konstruktion,रूपम्,κατασκευή,budowa,стро́ителство,будо́ва,Конструкције,stavba,építés,건설,xây dựng,konstruksi,pembinaan,sayari,ساخت,निर्माण,تَعْمِیر,নির্মাণ,கட்டமைப்புகள்,నిర్మాణాలు,,രൂപം,બાંધકામ,ਰਚਨਾਵਾਂ,Miundo
synonyms,Samamenalexi,Synonyms,Sinonimoj,Sinónimos,Synonyme,Synoniemen,Synonymes,Sinonimi,Синонимы,Synonyma,συνώνυμον,מילים נרדפות,مرادفات,同义词列表,類義語一覧,,סינאָנימען,Eş anlamlılar,Синонимнар,sinônimo,sinonim,synonym,समानार्थकाः,συνώνυμο,synonim,синони́м,сино́нім,Синоними,synonymum,szinonima,같은말 same,từ đồng nghĩa,sinonim,sinonim,singkahulugan,مترادف,पर्याय,مترادف,প্রতিশব্দ,ஒத்த சொற்கள்,ప్రతిపదము,,പര്യായം,સમાનાર્થક,ਸਮਾਨਾਰਥੀ,kisawe
antonyms,Oposmenalexi,Antonyms,Antonimoj,Antónimos,Antonyme,Antoniemen,Antonymes,Antonimi,Антонимы,Antonyma,,מילים מנוגדות,أضداد,反义词列表,対義語一覧,,אַנטאָנימען,Zıt anlamlılar,Антонимнар,antônimo,antonim,antonym,विरुद्धार्थकाः,αντώνυμο,antonim,антони́м,анто́нім,Антоними,opozitum,antonima,반의어,từ trái nghĩa,antonim,Antonim,kasalungat,متضاد,विलोम,متضاد,বিপরীতার্থক,எதிர்ச்சொல்,వ్యతిరేక పదము,,വിപരീതം,વિરુદ્ધાર્થક,ਵਿਰੋਧੀ,Kinyume
sound_effect,Sotili efeto,Sound effect,Sonefiko,Efecto sonoro,Toneffekt,Geluidseffect,Effet sonore,Effetto sonoro,Звуковой эффект,Effectus sonitus,ἦχος,אפקט קולי,مؤثّر صوتيّ,音效示例,効果音,swēġ,קלאַנג־ווירקונג,Ses efekti,Тавыш эффекты,som,sunet,ljud,नाद,ήχος,fonia,шум,звук,Звучни ефекат,zvuk,hang,음,tiếng,bunyi,bunyi,tunog,آواز,शब्द,آواز,শব্দ,ஒலி,ధ్వని,ಶಬ್ದ,ഒച്ച,ધ્વનિ,ਧੁਨੀ,sauti
grammar.noun,Namelexi,Noun,Substantivo,Sustantivo,Substantiv,Substantief,Nom,Nome,Существительное,Nomen,Ὄνομα,שם עצם,اسم,名词,名詞,Nama,סובסטאַנטיוו,İsim,Исем,substantivo,substantiv,tingord,नाम,ουσιαστικό,rzeczownik,съществи́телно,іме́нник,Именица,substantivum,főnév,명사,danh từ,nomina,kata nama,pangngalan,اسم,संज्ञा,نام,বিশেষ্য,பெயர்,నామవాచకము,ನಾಮಪದ,നാമം,સંજ્ઞા,شَے,jina
grammar.proper_noun,Suli namelexi,Proper noun,Propra nomo,Nombre propio,Eigenname,Eigennaam,Nom propre,Nome proprio,Имя собственное,Nomen proprium,ὄνομα κύριον,שם עצם פרטי,اسم علم,专有名词,固有名詞,āgen nama,אייגענער נאָמען,Özel isim,Үзлекле исем,nome próprio,nume propriu,egennamn,विशेष्यनाम,κύριο όνομα,nazwa własna,со́бствено и́ме,вла́сне ім'я́,Властита именица,proprium,tulajdonnév,고유명사,danh từ riêng,nomina diri,kata nama khas,pangngalang pantangi,اسم خاص,नामवाचक संज्ञा,اِسْمِ خاص,নামবাচক বিশেষ্য,சிறப்புப் பெயர்,సంజ్ఞానామము,,സംജ്ഞാനാമം,વિશેષનામ,ਖ਼ਾਸ ਨਾਂਵ,Nomino maalum
grammar.verb,Falelexi,Verb,Verbo,Verbo,Verb,Werkwoord,Verbe,Verbo,Глагол,Verbum,Ῥῆμα,פועל,فعل,动词,動詞,Word,ווערב,Fiil,Фигыль,verbo,verb,verb,क्रिया,ρήμα,czasownik,глаго́л,дієсло́во,Глагол,sloveso,ige,동사,động từ,verba,kata kerja,pandiwa,فعل,क्रिया,فِعْل,ক্রিয়া,வினைச்சொல்,క్రియ,ಕ್ರಿಯಾಪದ,ക്രിയ,ક્રિયાપદ,ਕਿਰਿਆ,kitenzi
grammar.adjective,Sifalexi,Adjective,Adjektivo,Adjetivo,Adjektiv,Bijvoeglijk naamwoord,Adjectif,Aggettivo,Прилагательное,Adiectivum,ἐπίθετον,שם תואר,صفة,形容词,形容詞,tōġeīecendlīċ,בײַוואָרט,Sıfat,Сифат,adjetivo,adjectiv,adjektiv,विशेषण,επίθετο,adiektyw,прилага́телно,прикме́тник,Придев,přídavné jméno,melléknév,형용사,tính từ,adjektiva,adjektif,pang-uri,صفت,विशेषण,صِفَت,বিশেষণ,பெயரடை,విశేషణము,ವಿಶೇಷಣ,നാമവിശേഷണം,વિશેષણ,ਵਿਸ਼ੇਸ਼ਣ,sifa
grammar.verbal_adverb,Falelexili manerlexi,Verbal adverb,Verba adverbo,Adverbio verbal,Verbales Adverb,Werkwoordelijk bijwoord,Adverbe verbal,Avverbio verbale,Деепричастие,Adverbium verbale,ἐπίρρημα,תואר הפועל,ظرف فعليّ,动词性副词,動詞的副詞,bīword,ווערבאַלער בײַוואָרט,Zarf-fiil,Фигыль сыйфаты,advérbio,adverb,adverb,क्रियाविशेषण,επίρρημα,adwerbium,наре́чие,прислі́вник,Глаголски прилог,příslovce,határozószó,부사,phó từ,adverbia,adverba,pang-abay,وجه وصفی,क्रियाविशेषण,تابِعِ فِعْل,ক্রিয়া-বিশেষণ,வினையுரிச்சொல்,క్రియా విశేషణము,ಕ್ರಿಯಾವಿಶೇಷಣ,ക്രിയാവിശേഷണം,ક્રિયાવિશેષણ,ਕਿਰਿਆ-ਵਿਸ਼ੇਸ਼ਣ,kisifa
grammar.adverb,Manerlexi,Adverb,Adverbo,Adverbio,Adverb,Bijwoord,Adverbe,Avverbio,Наречие,Adverbium,ἐπίρρημα,תואר הפועל,ظرف,副词,副詞,bīword,אַדווערב,Zarf,Рәвеш,advérbio,adverb,adverb,क्रियाविशेषण,επίρρημα,adwerbium,наре́чие,прислі́вник,Прилог,příslovce,határozószó,부사,phó từ,adverbia,adverba,pang-abay,قید,क्रियाविशेषण,تابِعِ فِعْل,ক্রিয়া-বিশেষণ,வினையுரிச்சொல்,క్రియా విశేషణము,ಕ್ರಿಯಾವಿಶೇಷಣ,ക്രിയാവിശേഷണം,ક્રિયાવિશેષણ,ਕਿਰਿਆ-ਵਿਸ਼ੇਸ਼ਣ,kisifa
grammar.interjection,Intrelogalexi,Interjection,Interjekcio,Interjección,Interjektion,Tussenwerpsel,Interjection,Interiezione,Междометие,Interjectio,ἐπιφώνημα,מילת קריאה,اسم تعجّب,感叹词,感動詞,betwēoxāworpennes,אויסרופֿוואָרט,Ünlem,Ымлык,interjeição,interjecție,interjektion,विस्मयादिबोधकः,επιφώνημα,wykrzyknik,междуме́тие,ви́гук,Узвик,citoslovce,mondatszó,감탄사,thán từ,kata seru,kata seru,pandamdam,ندا,हरफ,حرفِ ندا,মধ্যে নিক্ষেপ,வியப்பிடைச் சொல்,ఆశ్చర్యార్థకం,,വ്യാക്ഷേപകം,ઉદ્ગારવાચક,ਵਿਸਮਿਕ,kiingizi
grammar.preposition,Lefeplasilexi,Preposition,Prepozicio,Preposición,Präposition,Voorzetsel,Préposition,Preposizione,Предлог,Praepositio,πρόθεσις,מילת יחס,حرف جرّ,介词,前置詞,fōresetnes,פֿאָרשטעלער,Edat,Бәйлек,preposição,prepoziție,Preposition,पूर्वसर्गः,πρόθεση,przyimek,предло́г,прийме́нник,Предлог,předložka,elöljáró,전치사,giới từ,kata depan,kata depan,pang-ukol,حرف اضافه,पूर्वसर्ग,حَرْفِ جَر,পদান্বয়ী অব্যয়,முன்னிலை உருபு,విభక్తి,,ഗതി,પૂર્વસર્ગ,ਪੂਰਕ-ਅਵਯਵ,kihusishi
grammar.conjunction,Linkulexi,Conjunction,Konjunkcio,Conjunción,Konjunktion,Voegwoord,Conjonction,Congiunzione,Союз,Coniunctio,σύνδεσμος,מילת חיבור,حرف عطف,连词,接続詞,,פֿאַרבינדונגסוואָרט,Bağlaç,Теркәгеч,conjunção,unire,bindeord,संयोजकः,σύζευξη,łączenie,свъ́рзване,сполу́чник,Везник,spojka,egyesítés,결합,liên từ,konjungsi,penggabungan,pangatnig,حرف ربط,समुच्चय,حَرْفِ رَبْط,সংযোজক,இணைப்புச் சொல்,సంయోజకము,,ഘടകം,સંયોજક,ਸੰਯੋਜਕ,kiunganishi
grammar.determiner,Dingyalexi,Determiner,Determinanto,Determinante,Determinativ,Determinator,Déterminant,Determinante,Определитель,Determinativum,ἄρθρον,מילת הגדרה,أداة تعريف,限定词,限定詞,,אַרטיקל,Belirleyici,Билгеләүче,determinante,determinant,determinant,निर्देशकः,προσδιοριστής,określnik,детермина́нта,визна́чник,Одредница,determinátor,névelőféle,한정사,định thức,artikel,penunjuk,pantukoy,دترمینان,लेख,دترمینان,নির্ণায়ক,குறிப்பான்,నిర్దేశకం,,നിർണ്ണായകം,નિર્ધારક,ਨਿਰਧਾਰਕ,makala
grammar.pronoun,Pornamelexi,Pronoun,Pronomo,Pronombre,Pronomen,Voornaamwoord,Pronom,Pronome,Местоимение,Pronomen,ἀντωνυμία,כינוי גוף,ضمير,代词,代名詞,bīnama,פֿאַרנאָמען,Zamir,Алмашлык,pronome,pronume,pronomen,सर्वनामन्,αντωνυμία,zaimek,местоиме́ние,займе́нник,Заменица,zájmeno,névmás,대명사,đại từ,pronomina,kata ganti diri,panghalip,ضمیر,सर्वनाम,ضَمِیر,সর্বনাম,பெயர்,సర్వనామము,,സർവ്വനാമം,સર્વનામ,ਪੜਨਾਂਵ,kiwakilishi
grammar.number,Numerlexi,Number,Numero,Numeral,Numerale,Telwoord,Numéral,Numerale,Числительное,Numerale,,שם מספר,عدد,数词,数詞,tæl,צאָלוואָרט,Sayı,Сан,número,număr,tal,संख्या,πλήθος,liczba,число́,число́,Број,číslo,szám,수,số,angka,angka,bilang,عَدَد,अंक,عَدَد,অঙ্ক,எண்,సంఖ్య,,സംഖ്യ,નંબર,ਗਿਣਤੀ,namba
grammar.particle,Partikul,Particle,Partikulo,Partícula,Partikel,Partikel,Particule,Particella,Частица,Particula,,מילית,أداة,助词,助詞,,פּאַרטיקל,İlgeç,Кисәкчә,partícula,particulă,partikel,कण,μόριο,cząstka,части́ца,ча́стка,Честица,částice,részecske,립자,hạt,Partikel,Partikel,tipik,ادات,कण,ذَرَّہ,কণা,இடைச்சொல்,అవ్యయం,,കണം,કણ,ਕਣ,punje
grammar.prefix,Lefefikso,Prefix,Prefikso,Prefijo,Präfix,Voorvoegsel,Préfixe,Prefisso,Приставка,Praefixum,,קידומת,سابقة,前缀,接頭辞,,פֿאָרצײַל,Önek,Кушымча,Prefixo,Prefix,förstavelse,उपसर्गः,πρόθημα,prefiks,префи́кс,пре́фікс,Префикс,předpona,előtag,접두어,tiền tố,awalan,awalan,unlapi,پیشوند,उपसर्ग,سابقہ,উপসর্গ,முன்னொட்டு,ఉపసర్గ,,ഉപസർഗം,ઉપસર્ગ,ਅਗੇਤਰ,kiambishi awali
grammar.phrase,Jumlemon,Phrase,Frazo,Frase,Phrase,Woordgroep,Syntagme,Sintagma,Фраза,Phrasis,,ביטוי,عبارة,短语,句,,פֿראַזע,Öbek,Фраза,frase,frază,fras,वाक्यांशः,φράση,fraza,фра́за,фра́за,Фраза,fráze,mondás,구,câu,frasa,frasa,parirala,بَیان,वाक्य,عِبارَت,ফ্রেজ,சொற்றொடர்,పదబంధం,,പ്രയോഗം,વાક્યસમૂહ,ਵਾਕੰਸ਼,Kirai
grammar.noun_phrase,Namelexili jumlemon,Noun phrase,Substantiva frazo,Frase nominal,Nominalphrase,Nominale woordgroep,Syntagme nominal,Sintagma nominale,Именная группа,Phrasis nominalis,,צירוף שמני,عبارة اسميّة,名词短语,名詞句,,נאָמען־פֿראַזע,İsim öbeği,Исем фразасы,locução nominal,locuțiune substantivală,nominalfras,संज्ञावाक्यांशः,ονοματική φράση,fraza rzeczownikowa,Именна фраза,Іменникове словосполучення,Именска фраза,Jmenná fráze,főnévi csoport,명사구,danh ngữ,Frasa nomina,Frasa nama,Pariralang pangngalan,گروه اسمی,संज्ञा वाक्यांश,اسمی جملہ,বিশেষ্য বাক্যাংশ,பெயர்ச்சொற்றொடர்,నామ పదబంధం,,നാമപ്രയോഗം,નામવાક્યસમૂહ,ਨਾਂਵ ਵਾਕੰਸ਼,Kirai cha nomino
grammar.verb_phrase,Falelexili jumlemon,Verb phrase,Verba frazo,Frase verbal,Verbalphrase,Verbale woordgroep,Syntagme verbal,Sintagma verbale,Глагольная группа,Phrasis verbalis,,צירוף פועלי,عبارة فعليّة,动词短语,動詞句,,ווערב־פֿראַזע,Fiil öbeği,Фигыль фразасы,sintagma verbal,locuțiune verbală,Verbfras,क्रियावाक्यांशः,Ρηματική φράση,grupa werbalna,Глаголна фраза,Дієслівне словосполучення,Глаголска фраза,Slovesná fráze,igei csoport,동사구,cụm động từ,frasa verba,Frasa kerja,Pariralang pandiwa,عبارت فعلی,क्रिया वाक्यांश,فعلی جملہ,ক্রিয়া বাক্যাংশ,வினைச்சொற்றொடர்,క్రియా పదబంధం,,ക്രിയാപ്രയോഗം,ક્રિયાવાક્યસમૂહ,ਕਿਰਿਆ ਵਾਕੰਸ਼,Kirai cha kitenzi
grammar.adjective_phrase,Sifalexili jumlemon,Adjective phrase,Adjektiva frazo,Frase adjetiva,Adjektivphrase,Adjectivische woordgroep,Syntagme adjectival,Sintagma aggettivale,Адъективная группа,Phrasis adiectivalis,,צירוף תוארי,عبارة وصفيّة,形容词短语,形容詞句,,בײַנאָמען־פֿראַזע,Sıfat öbeği,Сифат фразасы,locução adjetiva,locuțiune adjectivală,adjektivfras,विशेषणवाक्यांशः,Επιθετική φράση,Fraza przymiotnikowa,Прилагателна фраза,Прикметникове словосполучення,Придевска фраза,Přídavná fráze,Melléknévi kifejezés,형용사구,Cụm tính từ,Frasa adjektiva,Frasa adjektif,Pariralang pang-uri,عبارت وصفی,विशेषण वाक्यांश,وصفی جملہ,বিশেষণ বাক্যাংশ,பெயரடைச் சொற்றொடர்,విశేషణ పదబంధం,,വിശേഷണപ്രയോഗം,વિશેષણવાક્યસમૂહ,ਵਿਸ਼ੇਸ਼ਣ ਵਾਕੰਸ਼,Kirai cha kivumishi
grammar.phrasal_adverb,Jumlemonli manerlexi,Phrasal adverb,Fraza adverbo,Adverbio frasal,Phrasales Adverb,Frasaal bijwoord,Adverbe phrasal,Avverbio frasale,Фразовое наречие,Adverbium phrasale,,תואר פועל מורכב,ظرف عباريّ,短语副词,句副詞,,פֿראַזעלעכער בײַוואָרט,Öbeksel zarf,Фразалы рәвеш,Advérbio frasal,Adverb frazal,Frasadverb,वाक्यांशक्रियाविशेषणम्,Φραστικό επίρρημα,Przysłówek frazowy,Фразово наречие,Фразовий прислівник,Фразални прилог,Frázové příslovce,Frázisos határozószó,구 부사,Trạng từ cụm từ,Adverbia frasa,Adverba frasa,Pang-abay na parirala,قید عبارتی,वाक्यांशिक क्रियाविशेषण,جملاتی حال,বাক্যাংশিক ক্রিয়া-বিশেষণ,சொற்றொடர் உரிச்சொல்,వాక్య క్రియావిశేషణం,,പ്രയോഗക്രിയാവിശേഷണം,ક્રિયાવિશેષણવાક્ય,ਵਾਕੰਸ਼ੀ ਕ੍ਰਿਆ-ਵਿਸ਼ੇਸ਼ਣ,Kielezi cha kirai
grammar.phrasal_preposition,Jumlemonli plasilexi,Phrasal preposition,Fraza prepozicio,Preposición frasal,Phrasale Präposition,Frasaal voorzetsel,Préposition phrastique,Preposizione frasale,Фразовый предлог,Praepositio phrasalis,,מילת יחס מורכבת,حرف جرّ عباريّ,短语介词,句前置詞,,פֿראַזעלעכע פֿאָרשטעלונג,Öbeksel edat,Фразалы бәйлек,locução prepositiva,locuțiune prepozițională,Fraspreposition,वाक्यांशपूर्वसर्गः,Φραστική πρόθεση,Przyimek frazowy,Фразов предлог,Фразовий прийменник,Фразални предлог,Frázová předložka,Frázisos elöljáró,구 전치사,Giới từ cụm từ,Preposisi frasa,Kata sendi frasa,Pang-ukol na parirala,حرف اضافهٔ عبارتی,वाक्यांशिक पूर्वसर्ग,جملاتی حرفِ جار,বাক্যাংশিক অনুসর্গ,சொற்றொடர் முன்னிலை,వాక్య విభక్తి,,പ്രയോഗപൂർവ്വപദം,પૂર્વસર્ગવાક્ય,ਵਾਕੰਸ਼ੀ ਪੂਰਕ,Kihusishi cha kirai
grammar.phrasal_conjunction,Jumlemonli linkulexi,Phrasal conj.,Fraza konjunkcio,Conjunción frasal,Phrasale Konjunktion,Frasaal voegwoord,Conjonction phrastique,Congiunzione frasale,Фразовый союз,Coniunctio phrasalis,,מילת חיבור מורכבת,حرف عطف عباريّ,短语连词,句接続詞,,פֿראַזעלעכע פֿאַרבינדונג,Öbeksel bağlaç,Фразалы теркәгеч,Conjunção frásica,Conjuncție frazală,Fraskonjunktion,वाक्यांशसंयोजकः,Φραστικός σύνδεσμος,Spójnik frazowy,Фразов съюз,Фразовий сполучник,Фразална везница,Frázová spojka,Frázisos kötőszó,구 접속사,Liên từ cụm từ,Konjungsi frasa,Kata hubung frasa,Pangatnig na parirala,حرف ربط عبارتی,वाक्यांशिक संयोजक,جملاتی حرفِ عطف,বাক্যাংশিক সংযোজক,சொற்றொடர் இணைப்பு,వాక్య సమ్మేళనం,,പ്രയോഗസംയോജകം,સંયોજકવાક્ય,ਵਾਕੰਸ਼ੀ ਸੰਯੋਜਕ,Kiunganishi cha kirai
grammar.prepositional_phrase,Plasilexili jumlemon,Prep. phrase,Prepozicia frazo,Frase preposicional,Präpositionalphrase,Voorzetselgroep,Syntagme prépositionnel,Sintagma preposizionale,Предложная группа,Phrasis praepositionalis,,צירוף יחסי,عبارة جرّيّة,介词短语,前置詞句,,פֿאָרשטעלונג־פֿראַזע,Edat öbeği,Бәйлекле фраза,Frase preposicional,Sintagmă prepozițională,Prepositionsfras,पूर्वसर्गवाक्यांशः,Προθετική φράση,Fraza przyimkowa,Предложна фраза,Прийменниковий зворот,Предложна фраза,Předložková fráze,Elöljárós kifejezés,전치사구,Cụm giới từ,Frasa preposisi,Frasa kata sendi,Pariralang pang-ukol,عبارت حرف‌اضافه‌ای,पूर्वसर्गीय वाक्यांश,جاری جملہ,অনুসর্গীয় বাক্যাংশ,முன்னிலைச் சொற்றொடர்,విభక్తి పదబంధం,,പൂർവ്വപദപ്രയോഗം,પૂર્વસર્ગીયવાક્ય,ਪੂਰਕ ਵਾਕੰਸ਼,Kirai cha kihusishi
grammar.postposition,Xafeplasilexi,Postposition,Postpozicio,Posposición,Postposition,Postpositie,Postposition,Posposizione,Послелог,Postpositio,ὑπόταξις,מילת יחס אחורית,لاحقة موضعيّة,后置词,後置詞,,נאָכפֿאָרשטעלונג,Sontakı,Артбәйлек,posposição,postpoziție,Postposition,पश्चात्सर्गः,Μετάθεση,poimek,Постпозиция,Постпозиція,Постпозиција,Postpozice,névutó,조사,hậu giới từ,Posposisi,Posposisi,Panghuling pang-ukol,پس‌اضافه,परसर्ग,لاحقہ,পরসর্গ,பின்னிலை உருபு,అనుసర్గ,,അനുസർഗ്ഗം,પરસર્ગ,ਪਿਛੇਤਰ,Kihusishi cha baada
grammar.possessive_pronoun,Suyali pornamelexi,Poss. pronoun,Poseda pronomo,Pronombre posesivo,Possessivpronomen,Bezittelijk voornaamwoord,Pronom possessif,Pronome possessivo,Притяжательное местоимение,Pronomen possessivum,κτητῐκή ᾰ̓ντωνῠμῐ́ᾱ,כינוי שייכות,ضمير ملكيّة,物主代词,所有代名詞,,אייגנטום־פֿאָרנאָמען,İyelik zamiri,Милек алмашлыгы,Pronome possessivo,Pronume posesiv,Possessivt pronomen,स्वामित्वसर्वनामम्,Κτητική αντωνυμία,Zaimek dzierżawczy,Притежателно местоимение,Присвійний займенник,Присвојна заменица,Přivlastňovací zájmeno,Birtokos névmás,소유 대명사,Đại từ sở hữu,Kata ganti kepemilikan,Kata ganti milik,Panghalip na paari,ضمیر ملکی,स्वामित्ववाचक सर्वनाम,اضافی ضمیر,সম্বন্ধবাচক সর্বনাম,உடைமைப் பிரதிப்பெயர்,సమీకరణ సర్వనామం,,സ്വാമിത്വസർവ്വനാമം,સ્વામિત્વવાચક સર્વનામ,ਸੰਬੰਧਕ ਪੜਨਾਂਵ,Kiwakilishi cha umiliki
grammar.possessive_adjective,Suyali sifalexi,Poss. adjective,Poseda adjektivo,Adjetivo posesivo,Possessivadjektiv,Bezittelijk bijvoeglijk naamwoord,Adjectif possessif,Aggettivo possessivo,Притяжательное прилагательное,Adjectivum possessivum,,תואר שייכות,صفة ملكيّة,物主形容词,所有形容詞,,אייגנטום־בײַנאָמען,İyelik sıfatı,Милек сифаты,Adjetivo possessivo,Adjectiv posesiv,Possessivt adjektiv,स्वामित्वविशेषणम्,Κτητικό επίθετο,Przymiotnik dzierżawczy,Притежателно прилагателно,Присвійний прикметник,Присвојни придев,Přivlastňovací přídavné jméno,Birtokos melléknév,소유 형용사,Tính từ sở hữu,Kata sifat kepemilikan,Adjektif milik,Pang-uring paari,صفت ملکی,स्वामित्ववाचक विशेषण,اضافی صفت,সম্বন্ধবাচক বিশেষণ,உடைமைப் பெயரடை,సమీకరణ విశేషణం,,സ്വാമിത്വവിശേഷണം,સ્વામિત્વવાચક વિશેષણ,ਸੰਬੰਧਕ ਵਿਸ਼ੇਸ਼ਣ,Kivumishi cha umiliki
grammar.proper_adjective,Suli tosifulexi,Proper adjective,Propra adjektivo,Adjetivo propio,Eigenadjektiv,Eigen bijvoeglijk naamwoord,Adjectif propre,Aggettivo proprio,Собственное прилагательное,Adjectivum proprium,,שם תואר פרטי,صفة علم,专有形容词,固有形容詞,,אייגן בײַנאָמען,Özel sıfat,Үзлек сифат,adjetivo,adjectiv,adjektiv,विशेषण,επίθετο,adiektyw,прилага́телно,прикме́тник,Прави придев,přídavné jméno,melléknév,형용사,tính từ,adjektiva,adjektif,pang-uri,صفت خاص,विशेषण,صِفَت,বিশেষণ,பெயரடை,విశేషణము,ವಿಶೇಷಣ,നാമവിശേഷണം,વિશેષ વિશેષણ,ਖ਼ਾਸ ਵਿਸ਼ੇਸ਼ਣ,sifa
grammar.conjunction_phrase,Linkulexili jumlemon,Conj. phrase,Konjunkcia frazo,Frase conjuntiva,Konjunktionalphrase,Voegwoordgroep,Syntagme conjonctif,Sintagma congiuntivo,Союзная группа,Phrasis coniunctionalis,,צירוף חיבורי,عبارة عطفيّة,连词短语,接続詞句,,פֿאַרבינדונג־פֿראַזע,Bağlaç öbeği,Теркәгеч фразасы,Frase de conjunção,Sintagmă conjuncțională,Konjunktionsfras,संयोजकवाक्यांशः,Συνδεσμική φράση,Fraza spójnikowa,Съюзна фраза,Сполучникове словосполучення,Везничка фраза,Spojovací fráze,Kötőszós kifejezés,접속사구,Cụm liên từ,Frasa konjungsi,Frasa kata hubung,Pariralang pangatnig,عبارت ربطی,संयोजक वाक्यांश,عطفی جملہ,সংযোজক বাক্যাংশ,இணைப்புச் சொற்றொடர்,సమ్మేళన పదబంధం,,സംയോജകപ്രയോഗം,સંયોજકવાક્ય,ਸੰਯੋਜਕ ਵਾਕੰਸ਼,Kirai cha kiunganishi
verbtype.transitive,Ojetoli,Transitive,Transitiva,Transitivo,Transitiv,Transitief,Transitif,Transitivo,Переходный,Transitivum,ἀλλοπαθής,יוצא,متعدٍّ,及物动词,他動詞,,טראַנזיטיוו,Geçişli,Күчемле,transitivo,tranzitiv,transitiv,सकर्मकः,μεταβατικός,przechodni,преходен,перехідни́й,Прелазни,přechodný,tárgyas,타동,ngoại,Transitif,Transitif,palipat,متعدی,सकर्मक,متعدی,সকর্মক,செயப்படுப் பொருள் வினை,సకర్మకం,,സകർമ്മകക്രിയ,સકર્મક,ਸਕਰਮਕ,Kitendo
verbtype.intransitive,Nenojetoli,Intransitive,Netransitiva,Intransitivo,Intransitiv,Intransitief,Intransitif,Intransitivo,Непереходный,Intransitivum,ἀμετάβατος,עומד,لازم,不及物动词,自動詞,,אינטראַנזיטיוו,Geçişsiz,Күчемсез,intransitivo,intranzitiv,intransitiv,अकर्मक,αμετάβατος,nieprzechodni,непрехо́ден,неперехідни́й,Непрелазни,nepřechodný,tárgyatlan,자동,nội,Intransitif,Tak transitif,katawanin,لازم,अकर्मक,لازم,অকর্মক ক্রিয়া,தன்வினை,అకర్మకం,,അകർമ്മകം,અકર્મક,ਅਕਰਮਕ,Kisichokitendo
verbtype.intransitive_cu,Nenojetoli (-cu),Intrans. (-cu),Netr. (-cu),Intr.,Intr.,Intr.,Intr.,Intr.,Непер.,Intr.,ἀμετάβατος,עומד,لازم,不及物动词 (-cu),自動詞 (-cu),,אינטר.,Geçişsiz,Күчемсез,,,,,,,,,,,,,,,,,,,,,,,,,,,
verbtype.copular,Linkuli,Copular,Kopula,Copulativo,Kopulativ,Koppelwerkwoord,Copule,Copulativo,Связка,Copulativum,,קישורי,رابط,系动词,繋辞,,פֿאַרבינדנדיק,Bağ fiil,Бәйләүче,cópula,copulă,kopula,संयोजकक्रियापदम्,συνδετικό ρήμα,spójka,ко́пула,ко́пула,Копулативан,spona,kopula,계사,từ liên hệ,kopula,Kopulatif,pandiwang pangawing,ربطی,योजक,ربطی,সংযোজক ক্রিয়া,இணைப்பு வினை,సంయోజకం,,ബന്ധകം,સંયોજક ક્રિયા,ਯੋਜਕ,Kiunganishi
verbtype.auxiliary,Sahayli,Auxiliary,Helpa,Auxiliar,Hilfsverb,Hulpwerkwoord,Auxiliaire,Ausiliare,Вспомогательный глагол,Auxiliare,βοηθός,עזר,مساعد,助动词,助動詞,helpend,הילפֿס־ווערב,Yardımcı fiil,Ярдәмче,auxiliar,Auxiliar,hjälpmaskin,सहायकः,βοηθητικός,pomocniczy,помощник,Допоміжний,Помоћни,pomocný,segéd-,보조,phụ trợ,Kata bantu,Kata bantu,Pantulong,کمکی,सहायक,معاون,সহায়ক ক্রিয়া,துணை வினை,సహాయకం,,സഹായക,સહાયક ક્રિયા,ਸਹਾਇਕ,Kisaidizi
verbtype.echo_transitive,Rusoti-ojetoli,Echo-transitive,Eĥ-transitiva,Eco-transitivo,Echo-transitiv,Echo-transitief,Écho-transitif,Eco-transitivo,Эхо-переходный,Echo-transitivum,ἀλλοπαθής,הד-יוצא,صدى-متعدٍّ,回声及物动词,反響他動詞,,עכאָ-טראַנזיטיוו,Yankı-geçişli,Аваз-күчемле,,,,,,,,,,,,,,,,,,,,,,,,,,,
verbtype.feeling_hisi,Hisi,Feeling (hisi),Sento (hisi),Sentimiento,Gefühl,Gevoel,Sentiment,Sentimento,Чувство,Sensus,πάθος,הרגשה,شعور,感觉动词 (hisi),感情動詞 (hisi),ġefrēdnes,געפֿיל,Duygu,Хис,,,,,,,,,,,,,,,,,,,,,,,,,,,
verbtype.state_jotay,Jotay,State (jotay),Stato (jotay),Estado,Zustand,Toestand,État,Stato,Состояние,Status,ἕξις,מצב,حالة,状态动词 (jotay),状態動詞 (jotay),cynewise,צושטאַנד,Durum,Хәл,,,,,,,,,,,,,,,,,,,,,,,,,,,
cat.root,Genulexi,Root,Radiko,Raíz,Wurzel,Wortel,Racine,Radice,Корень,Radix,ῥίζα,שורש,جذر,词根,語根,wyrttruma,וואָרצל,Kök,Тамыр,raiz,rădăcină,rot,मूलम्,ρίζα,korzeń,ко́рен,ко́рінь,Корен,kořen,gyökér,뿌리,rễ,akar,اکر,urat,ریشِه,जड़,جَڑ,মূল,வேர்,వేరు,ಬೇರು,വേര്,મૂળ,ਜੜ੍ਹ,mzizi
cat.derived,Tongilexi,Derived,Derivita,Derivada,Abgeleitet,Afgeleid,Dérivé,Derivato,Производное,Derivatum,γονή,נגזר,مشتقّ,派生词,派生語,,אָפּגעלענט,Türemiş,Туынды,derivado,derivat,avledning,उत्पन्नम्,παράγωγο,pochodny,произво́дно,Похідне,Изведено,odvozený,származék,파생어,Phái sinh,turunan,Terbitan,hango,اشتقاقی,व्युत्पन्न,مشتق,উৎপন্ন,வழிப்பொருள்,ఉత్పన్నం,,ഉത്പന്നം,ઉત્પન્ન,ਉਤਪੰਨ,kinyambuo
cat.affix,Fikso,Affix,Afikso,Afijo,Affix,Affix,Affixe,Affisso,Аффикс,Affixum,,מוספית,لاصقة,词缀,接辞,,וואָרט־טייל,Ek,Кушымча,afixo,afix,affix,प्रत्ययः,προσθήκη,afiks,прибавка,Афікс,Афикс,afix,toldalék,접사,phụ tố,imbuhan,Imbuhan,maylapi,وند,प्रत्यय,لاحقہ/سابقہ,প্রত্যয়,இடைநிலை,ప్రత్యయము,,പ്രത്യയം,પ્રત્યય,ਲਗ,kiambishi
cat.phrase,Jumlemon,Phrase,Frazo,Frase,Phrase,Woordgroep,Phrase,Frase,Фраза,Phrasis,,ביטוי,عبارة,短语惯用语,句・慣用表現,,פֿראַזע,Öbek,Фраза,frase,frază,fras,,φράση,fraza,фра́за,фра́за,,fráze,mondás,구,câu,frasa,frasa,parirala,بَیان,वाक्य,عِبارَت,ফ্রেজ,,,,,,,
cat.proper_word,Suli lexi,Proper word,Propra vorto,Palabra propia,Eigenname,Eigen woord,Mot propre,Parola propria,Собственное слово,Verbum proprium,ἄρτιος,מילה פרטית,كلمة خاصّة,专有词,固有語,cynn,אייגענער וואָרט,Özel sözcük,Үзлек сүз,próprio,decent,proper,विशिष्टशब्दः,Κύρια λέξη,właściwy,подходящ,нале́жний,Права реч,pravý,megfelelő,고유어,Từ riêng,Kata khusus,Kata khas,Sariling salita,خود,उचित,اچت,নিজস্ব শব্দ,சொந்தச் சொல்,సొంత పదం,,സ്വന്തം പദം,યોગ્ય શબ્દ,ਸਹੀ ਸ਼ਬਦ,Neno halisi
cat.bound_root,Bandido genulexi,Bound root,Ligita radiko,Raíz ligada,Gebundene Wurzel,Gebonden wortel,Racine liée,Radice legata,Связанный корень,Radix vincta,ῥίζα,שורש קשור,جذر مقيّد,黏着词根,拘束語根,wyrttruma,געבונדענער וואָרצל,Bağlı kök,Бәйләнгән тамыр,raiz,rădăcină,rot,बन्धमूलम्,ρίζα,korzeń,ко́рен,ко́рінь,Везани корен,kořen,gyökér,뿌리,rễ,akar,اکر,urat,ریشِه,जड़,جَڑ,মূল,வேர்,వేరు,ಬೇರು,വേര്,બંધ મૂળ,ਜੜ੍ਹ,mzizi
ui.languages,Basa,Languages,Lingvoj,Idiomas,Sprachen,Talen,Langues,Lingue,Языки,Linguae,γλῶσσα,שפות,لغات,显示语言,表示言語,ġeþēode,שפּראַכן,Diller,Телләр,língua,limbă,språk,भाषा,γλώσσα,mowa,ези́к,мо́ва,Језици,řeč,nyelv,말,tiếng,bahasa,bahasa,wika,زُبان,भाष,بولی,জবান,பாசை,భాష,ಭಾಷೆ,ഭാഷ,ભાષા,ਜ਼ਬਾਨ,lugha
ui.script,Eskrisistema,Script,Skribsistemo,Escritura,Schrift,Schrift,Écriture,Scrittura,Письмо,Scriptura,γραφή,כתב,خطّ,书写系统,表記体系,,שרײַבונג,Yazı,Язу,escrito,script,handskrift,अक्षर,γραφή,pismo,писмо́,по́черк,Писмо,scénář,forgatókönyv,문장,kịch bản,tulisan,tulisan,sulatsay,نَمایِشنامِه,लिपि,لیکھن,লিখন,எழுத்து,లిపి,ಬರವಣಿಗೆ,ലിപി,લિપિ,ਲਿਖਾਈ,mswada
lang.Globasa,Globasa,Globasa,Globasa,Globasa,Globasa,Globasa,Globasa,Globasa,Globasa,Globasa,,גלובסה,غلوباسا,格洛巴萨,グロバサ,,גלאָבאַסאַ,Globasa,Глобаса,,,,,,,,,,,,,,,,,,,,,,,,,,,
lang.English,Englisa,English,Angla,Inglés,Englisch,Engels,Anglais,Inglese,Английский,Anglica,,אנגלית,الإنجليزية,英语,英語,Englisċ,ענגליש,İngilizce,Инглизчә,inglês,english,engelska,,αγγλικά,angielski,англи́йски,англі́йська,,angličtina,angol,영어,tiếng Anh,bahasa Inggris,bahasa Inggeris,Ingles,اِنْگْلیسی,अंग्रेज़ी,اَن٘گْریزی,ইংরেজি,ஆங்கிலம்,ఆంగ్లము,ಆಂಗ್ಲ,ഇംഗ്ലീഷ്,અંગ્રેજી,ਅੰਗ੍ਰੇਜ਼ੀ,zunguka
lang.Esperanto,Esperanto,Esperanto,Esperanto,Esperanto,Esperanto,Esperanto,Espéranto,Esperanto,Эсперанто,Esperanta,,אספרנטו,الإسبرانتو,世界语,エスペラント,,עספּעראַנטאָ,Esperanto,Эсперанто,esperanto,esperanto,esperanto,,Εσπεράντο,esperanto,еспера̀нто,еспера́нто,,esperanto,eszperantó,에스페란토,quốc tế ngữ,,,Esperanto,اسپرانتو,एस्पेरान्तो,,,,,,എസ്പെരാന്തോ,એસ્પેરાન્તો,,Kiesperanto
lang.Spanish,Espanisa,Spanish,Hispana,Español,Spanisch,Spaans,Espagnol,Spagnolo,Испанский,Hispanica,,ספרדית,الإسبانية,西班牙语,スペイン語,Spēonisċ,שפּאַניש,İspanyolca,Испанча,espanhol,spaniolă,spanska,,ισπανικά,hiszpański,испа́нски,іспа́нський,,španělština,spanyol,스페인어,tiếng Y Pha Nho,Spanyol,bahasa Sepanyol,Kastila,اسپانیایی,स्पेनी,ہسپانی,স্পেনীয় ভাষা,எசுப்பானிய மொழி,,ಸ್ಪ್ಯಾನಿಷ್ ಭಾಷೆ,സ്പാനിഷ് ഭാഷ,સ્પેનિશ,,Kihispania
lang.German,Doycisa,German,Germana,Alemán,Deutsch,Duits,Allemand,Tedesco,Немецкий,Germanica,,גרמנית,الألمانية,德语,ドイツ語,,דײַטש,Almanca,Германча,germano,germană,tyska,,αμφιθαλής,niemiecki,роден,німе́цька,,němčina,német,독어,tiếng Đức,bahasa Jerman,Jerman,Aleman,آلمانی,जरमन,جرمن,জার্মান ভাষা,செருமன்,జర్మను,ಡಚ್,ജർമൻ ഭാഷ,જર્મન,,kijerumani
lang.Dutch,Nederisa,Dutch,Nederlanda,Neerlandés,Niederländisch,Nederlands,Néerlandais,Olandese,Нидерландский,Batava,,הולנדית,الهولندية,荷兰语,オランダ語,,האָלענדיש,Hollandaca,Голландча,batavo,olandeză,holländska,,ολλανδικά,(język) holenderski,холандски,голла́ндська,,holandština,holland,네덜란드어,tiếng Hà Lan,bahasa Belanda,bahasa Belanda,Olandes,هلندی,डच,ڈچ,,டச்சு மொழி,,,,ડચ,,Kiholanzi
lang.Old English,Lama Englisa,Old English,Malnova angla,Inglés antiguo,Altenglisch,Oudengels,Vieil anglais,Inglese antico,Древнеанглийский,Anglica Antiqua,,אנגלית עתיקה,الإنجليزية القديمة,古英语,古英語,Englisċ,אַלט־ענגליש,Eski İngilizce,Борынгы инглизчә,anglo-saxão,anglosaxonă,fornengelska,,αρχαία αγγλική γλώσσα,staroangielski,староанглийски език,староанглі́йська,,stará angličtina,óangol (nyelv),고영어,,bahasa Inggris Kuna,Inggeris Kuno,lumang Ingles,انگلیسی قدیم,पूर्व-अंग्रेज़ी,,কদীম ইংরেজী,,,,,,,Kiingereza cha Kale
lang.Ancient Greek,Daylama Elinisa,Ancient Greek,Antikva greka,Griego antiguo,Altgriechisch,Oudgrieks,Grec ancien,Greco antico,Древнегреческий,Graeca Antiqua,Ἑλληνική,יוונית עתיקה,اليونانية القديمة,古希腊语,古代ギリシャ語,Crēċisċ,אַלט־גריכיש,Antik Yunanca,Борынгы грекчә,grego antigo,greaca veche,antik grekiska,,αρχαία ελληνικά,starożytna greka,старогръ́цки,давньогре́цька мо́ва,,starořečtina,ógörög,희랍어,tiếng Hy Lạp cổ đại,bahasa Yunani,Yunani,Griyego,یونانی,पूर्व-यूनानी,یونانی,কদীম ইউনানী ভাষা,கிரேக்கம்,,,,,,Kigiriki
lang.Latin,Latinsa,Latin,Latina,Latín,Latein,Latijn,Latin,Latino,Латинский,Latina,,לטינית,اللاتينية,拉丁语,ラテン語,Lǣden,לאַטײַן,Latince,Латинча,latim,latină,latin,,λατινικά,łacina,лати́нски,лати́на,,latina,latin,라틴어,Latinh,,Latin,,,लैटिन,لاطینی زبان,লাতিন ভাষা,இலத்தீன்,లాటిను,,,,,
lang.French,Fransesa,French,Franca,Francés,Französisch,Frans,Français,Francese,Французский,Francica,,צרפתית,الفرنسية,法语,フランス語,Frenċisċ,פֿראַנצויזיש,Fransızca,Французча,francês,franceză,franska,,γαλλικά,francuszczyzna,фре́нски,французька мова,,francouzština,francia,불어,Pháp ngữ,bahasa Perancis,Perancis,Pranses,فرانسوی,खाद्य पदार्थ के टुकड़े करना,فرانسیسی,ফরাসি ভাষা,பிரஞ்சு,ఫ్రెంచి,ಫ್ರೆಂಚ್,ഫ്രഞ്ച് ഭാഷ,ફ્રાન્સીસી,فرانسیسی,Kifaransa
lang.Italian,Italisa,Italian,Itala,Italiano,Italienisch,Italiaans,Italien,Italiano,Итальянский,Italica,,איטלקית,الإيطالية,意大利语,イタリア語,,איטאַליעניש,İtalyanca,Итальянча,,,,,,,,,,,,,,,,,,,,,,,,,,,
lang.Russian,Rusisa,Russian,Rusa,Ruso,Russisch,Russisch,Russe,Russo,Русский,Russica,,רוסית,الروسية,俄语,ロシア語,,רוסיש,Rusça,Русча,,,,,,,,,,,,,,,,,,,,,,,,,,,
lang.Yiddish,Yidix,Yiddish,Jida,Yidis,Jiddisch,Jiddisch,Yiddish,Yiddish,Идиш,Iudaica,,יידיש,اليديشية,意第绪语,イディッシュ語,,ייִדיש,Yidişçe,Идиш,ídiche,idiș,jiddisch,,γίντις,jidysz,и́диш,ї́диш,,jidiš,jiddis,이디시어,tiếng Yiddish,bahasa Yiddi,bahasa Yiddish,,ییدیش,यिडिश,,,,,,,,,
lang.Hebrew,Ivrisa,Hebrew,Hebrea,Hebreo,Hebräisch,Hebreeuws,Hébreu,Ebraico,Иврит,Hebraica,,עברית,العبرية,希伯来语,ヘブライ語,,עבֿרית,İbranice,Ибраничә,,,,,,,,,,,,,,,,,,,,,,,,,,,
lang.Arabic,Arabisa,Arabic,Araba,Árabe,Arabisch,Arabisch,Arabe,Arabo,Арабский,Arabica,,ערבית,العربية,阿拉伯语,アラビア語,Arabisċ,אַראַביש,Arapça,Гарәпчә,árabe,arabă,arabiska,,αραβικά,arabski,ара́бски,ара́бська,,arabština,arab,아랍어,tiếng A-rập,bahasa arab,bahasa Arab,,عَرَبی,अरबी,عَرَبی,আরবি ভাষা,அரபி,అరబ్బీ,,,,ਅਰਬੀ,kiarabu
lang.Mandarin Chinese,Putunhwa,Mandarin Chinese,Mandarena ĉina,Chino mandarín,Mandarin-Chinesisch,Mandarijns,Chinois mandarin,Cinese mandarino,Мандаринский,Sinica Mandariana,Σῆρες,סינית מנדרינית,الصينية الماندرينية,普通话,北京語,,מאַנדאַרין־כינעזיש,Mandarin Çincesi,Мандарин кытайча,mandarim,mandarin,mandarin,,μανδαρίνος,mandaryn,мандарин,кита́йці,,mandarín,mandarin,중국인,quan,mandarin,Cina,Tsino,چینی,चीनी,چینی,চীনা ভাষা,சீனம்,చైనీయులు,,,ચીની,,Mchina
lang.Japanese,Niponsa,Japanese,Japana,Japonés,Japanisch,Japans,Japonais,Giapponese,Японский,Iaponica,,יפנית,اليابانية,日语,日本語,,יאַפּאַניש,Japonca,Японча,japonês,japoneză,japanska,,ιαπωνικά,japońszczyzna,япо́нски,японська,,japonština,japán,일어,tiếng Nhật,bahasa Jepang,bahasa Jepun,,ژاپنی,जापानी,جاپانی,জাপানি,ஜப்பானிய மொழி,జపనీసు,,ജാപ്പനീസ്,જાપાની ભાષા,,Kijapani
lang.Turkish,Turkisa,Turkish,Turka,Turco,Türkisch,Turks,Turc,Turco,Турецкий,Turcica,,טורקית,التركية,土耳其语,トルコ語,,טערקיש,Türkçe,Төрекчә,turco,turcă,turkiska,,τουρκική,język turecki,ту́рски,туре́цька,,turecký jazyk m turečtina,török,터키어,tiếng Thổ,,bahasa Turki,,زبان ترکی,तुर्की,ترکی,তুর্কি,,,,,,,Kituruki
lang.Tatar,Tatarsa,Tatar,Tatara,Tártaro,Tatarisch,Tataars,Tatar,Tataro,Татарский,Tatarica,,טטרית,التترية,鞑靼语,タタール語,,טאַטאַריש,Tatarca,Татарча,tártaro,tătară,tatariska,,,tatarski,,тата́рська мо́ва,,tatarština,tatár,타타르어,,bahasa Tatar,,,,तातार,,তাতারী,,,,,,,
lang.Persian,Parsisa,Persian,Persa,Persa,Persisch,Perzisch,Persan,Persiano,Персидский,Persica,,פרסית,الفارسية,波斯语,ペルシア語,,פּערסיש,Farsça,Фарсыча,,,,,,,,,,,,,,,,,,,,,,,,,,,
lang.Indonesian,Indonesisa,Indonesian,Indonezia,Indonesio,Indonesisch,Indonesisch,Indonésien,Indonesiano,Индонезийский,Indonesica,,אינדונזית,الإندونيسية,印度尼西亚语,インドネシア語,,אינדאָנעזיש,Endonezyaca,Индонезча,,,,,,,,,,,,,,,,,,,,,,,,,,,
lang.Hindi,Hindi,Hindi,Hinda,Hindi,Hindi,Hindi,Hindi,Hindi,Хинди,Hindica,,הינדית,الهندية,印地语,ヒンディー語,,הינדי,Hintçe,Хинди,hindi,hindusă,hindi,हिन्दी,χίντι,hindi,хи́нди,гі́нді,,hindština,hindi,힌디어,tiếng Ấn Độ,Hindi,Hindi,wikang Hindi,هِنْدی,हिंदी,ہِنْدی,হিন্দি,இந்தி,హిందీ,ಹಿಂದಿ,ഹിന്ദി,હિન્દી,ਹਿੰਦੀ,Kihindi
lang.Korean,Koreasa,Korean,Korea,Coreano,Koreanisch,Koreaans,Coréen,Coreano,Корейский,Coreana,,קוריאנית,الكورية,韩语,韓国語,,קאָרעיִש,Korece,Корейча,coreano,coreeană,koreanska,,κορεατικά,koreański,коре́йски,коре́йська,,korejština,koreai,한글,tiếng Hàn Quốc,bahasa Korea,bahasa Korea,Korean,کرهای,कोरियाई,,,,,,,,,Kikorea
lang.Filipino,Pilipinasa,Filipino,Filipina,Filipino,Philippinisch,Filipijns,Filipino,Filippino,Филиппинский,Philippina,,פיליפינית,الفلبينية,菲律宾语,フィリピン語,,פֿיליפּינעזיש,Filipince,Филиппинча,filipino,filipineză,filippinska,,φιλιππινέζικα,,,,,,tagalog,필리핀어,tiếng Tagalog,,,Filipino,,,,,,,,,,,Kifilipino
lang.Swahili,Swahilisa,Swahili,Svahila,Suajili,Swahili,Swahili,Swahili,Swahili,Суахили,Swahili,,סוואהילית,السواحيلية,斯瓦希里语,スワヒリ語,,סוואַהילי,Svahilice,Суахили,suaíli,,swahili,,σουαχίλι,suahili,суахи́ли,суахі́лі,,svahilština,szuahéli,스와힐리어,tiếng Swahili,,,,سواحلی,स्वाहिली,سَواحِلی,,,,,,,,Kiswahili
lang.Vietnamese,Vyetnamsa,Vietnamese,Vjetnama,Vietnamita,Vietnamesisch,Vietnamees,Vietnamien,Vietnamita,Вьетнамский,Vietnamica,,וייטנאמית,الفيتنامية,越南语,ベトナム語,,וויעטנאַמיש,Vietnamca,Вьетнамча,vietnamita,vietnameză,vietnamesiska,,βιετναμικά,wietnamski,,в'єтна́мська,,vietnamština,vietnami,베트남어,Việt ngữ,,,Biyetnames,ویتنامی,वियतनामी,ویتنامی,,,,,,,,Kivieti
lang.Telugu,Telugusa,Telugu,Telugua,Telugu,Telugu,Telugu,Télougou,Telugu,Телугу,Telugica,,טלוגו,التيلوغوية,泰卢固语,テルグ語,,טעלוגוו,Telugu,Телугу,telugo,,telugu,तेलुगु,τελούγκου,język telugu,,телугу,,telugština,telugu,텔루구어,,bahasa Telugu,bahasa Telugu,,,तेलुगू,تیلگو,তেলুগু ভাষা,தெலுங்கு,తెలుగు,ತೆಲುಗು,തെലുഗു,તેલુગુ,,
lang.Portuguese,Portugalsa,Portuguese,Portugala,Portugués,Portugiesisch,Portugees,Portugais,Portoghese,Португальский,Lusitana,,פורטוגזית,البرتغالية,葡萄牙语,ポルトガル語,,פּאָרטוגעזיש,Portekizce,Португалча,português,portugheză,portugisiska,,πορτογαλικά,portugalski,португа́лски,португа́льська,,portugalština,portugál,포어,tiếng Bồ-đào-nha,bahasa portugal,Portugal,Portuges,پرتغالی,पुर्तगाली,پرتگالی,পর্তুগিজ,போர்ச்சுகீஸ,బుడతకీచు,ಪೋರ್ಚುಗೀಸ್,,,,Kireno
lang.Greek,Elinisa,Greek,Greka,Griego,Griechisch,Grieks,Grec,Greco,Греческий,Graeca,Ἑλληνική,יוונית,اليونانية,希腊语,ギリシャ語,Crēċisċ,גריכיש,Yunanca,Грекча,grego,greacă,grekiska,,ελληνικά,greka,гръ́цки,гре́цька,,řečtina,görög,그리스어,tiếng Hy-lạp,bahasa Yunani,Yunani,Griyego,یونانی,यूनानी,یونانی,গ্রিক,கிரேக்கம்,,,,,,Kigiriki
lang.Tamil,Tamilsa,Tamil,Tamila,Tamil,Tamil,Tamil,Tamoul,Tamil,Тамильский,Tamilica,,טמילית,التاميلية,泰米尔语,タミル語,,טאַמיל,Tamilce,Тамилча,tâmul,,tamil,,,tamilski,,,,tamilština,tamil,타밀어,tiếng Tamil,bahasa Tamil,bahasa Tamil,,تامیل,तमिल,تامل,,தமிழ்,తమిళము,ತಮಿಳು,തമിഴ്,,,
lang.Kannada,Karnatakasa,Kannada,Kanara,Canarés,Kannada,Kannada,Kannada,Kannada,Каннада,Kannada,,קנאדה,الكنّادية,卡纳达语,カンナダ語,,קאַנאַדאַ,Kannada,Каннада,,,,,,,,,,,,,,,,,,,,,,,,,,,
lang.Bengali,Banglasa,Bengali,Bengala,Bengalí,Bengalisch,Bengaals,Bengali,Bengalese,Бенгальский,Bengalia,,בנגלית,البنغالية,孟加拉语,ベンガル語,,בענגאַליש,Bengalce,Бенгалча,bengali,bengaleză,bengali,बाङ्गला भाषा,μπενγκάλι,bengali,бенга́лски,бенга́льська,,bengálština,bengáli,벵골어,tiếng Bengali,,bahasa Benggali,,بنگالی,बँगला,بنگلہ,বাংলা,வங்காள மொழி,బెంగాలీ,,,બંગાળી,,Kibengali
lang.Malay,Malaysisa,Malay,Malaja,Malayo,Malaiisch,Maleis,Malais,Malese,Малайский,Malaja,,מלאית,الملايوية,马来语,マレー語,,מלאַיִיש,Malayca,Малайча,malaio,,malajiska,,μαλαισιανά,malajski,,,,malajština,maláj,마인어,tiếng Mã-lai,Melayu,bahasa Melayu,Malayo,زبان مالایی,,,,,,,,,,
lang.Swedish,Swerisa,Swedish,Sveda,Sueco,Schwedisch,Zweeds,Suédois,Svedese,Шведский,Suecica,,שוודית,السويدية,瑞典语,スウェーデン語,,שוועדיש,İsveççe,Шведча,sueco,suedeză,svenska,,σουηδικά,szwedzki,шве́дски,шве́дська,,švédština,svéd,스웨덴어,tiếng Thụy Điển,bahasa Swedia,,,,स्वीडिश,,সুইডীয় ভাষা,,,,,,,Kiswidi
lang.Malayalam,Keralasa,Malayalam,Malajala,Malayalam,Malayalam,Malayalam,Malayalam,Malayalam,Малаялам,Malajalamensis,,מלאיאלאם,المالايالامية,马拉雅拉姆语,マラヤーラム語,,מלאַיאַלאַם,Malayalam,Малаялам,malaiala,,malayalam,मलयाळम्,μαλαγιαλαμικά,malajalam,,,,malajalámský,malajálam,말라얄람어,,,Malayalam,wikang Malayalam,,मलयालम,,মালয়ালম ভাষা,மலையாளம்,మలయాళ భాష,ಮಲಯಾಳಂ,മലയാളം,,,
lang.Sanskrit,Sanskritam,Sanskrit,Sanskrita,Sánscrito,Sanskrit,Sanskriet,Sanskrit,Sanscrito,Санскрит,Sanskrita,,סנסקריט,السنسكريتية,梵语,サンスクリット語,,סאַנסקריט,Sanskritçe,Санскрит,,,,,,,,,,,,,,,,,,,,,,,,,,,
lang.Polish,Polskasa,Polish,Pola,Polaco,Polnisch,Pools,Polonais,Polacco,Польский,Polonica,,פולנית,البولندية,波兰语,ポーランド語,,פּויליש,Lehçe,Полякча,cera,pastă de lustruit,polityr,घर्षति,γυαλίζω,pasta do polerowania,лак,шліфува́ти,,leštidlo,fényez,닦다,đánh bóng,poles,,,پولیش,,,,,,,,,,
lang.Javanese,Jawasa,Javanese,Java,Javanés,Javanisch,Javaans,Javanais,Giavanese,Яванский,Iavanica,,ג'אוונית,الجاوية,爪哇语,ジャワ語,,דזשאַוואַניש,Cava dili,Яванча,jau,,javanesiska,,,(język) jawajski,,,,javánština,jávai,,,Jawa,Jawa,,,,,,,,,,,,
lang.Kurdish,Kurdisa,Kurdish,Kurda,Kurdo,Kurdisch,Koerdisch,Kurde,Curdo,Курдский,Curdica,,כורדית,الكردية,库尔德语,クルド語,,קורדיש,Kürtçe,Курдча,,,,,,,,,,,,,,,,,,,,,,,,,,,
lang.Norwegian,Norgesa,Norwegian,Norvega,Noruego,Norwegisch,Noors,Norvégien,Norvegese,Норвежский,Norvegica,,נורווגית,النرويجية,挪威语,ノルウェー語,,נאָרוועגיש,Norveççe,Норвегча,,,,,,,,,,,,,,,,,,,,,,,,,,,
