	acharya	Noun	tr	Disciplinarian, Scholar, Academic, Expert, Specialist.	hin	‡§Ü‡§ö‡§æ‡§∞‡•ç‡§Ø	m
eng	-teen	Suffix	tr	to form numbers 13 - 19	afr	-tien
eng	-teen	Suffix	tr	to form numbers 13 - 19	ara	ÿπÿ¥ÿ±	alt=... ÿπŸéÿ¥Ÿéÿ±Ÿé
eng	-teen	Suffix	tr	to form numbers 13 - 19	bar	-zea
eng	-teen	Suffix	tr	to form numbers 13 - 19	bel	-–Ω–∞—Ü—Ü–∞—Ü—å	sc=Cyrl
eng	-teen	Suffix	tr	to form numbers 13 - 19	cat	di-
eng	-teen	Suffix	tr	to form numbers 13 - 19	cat	-ze
eng	-teen	Suffix	tr	to form numbers 13 - 19	ces	-n√°ct
eng	-teen	Suffix	tr	to form numbers 13 - 19	cmn	ÂçÅ	alt=ÂçÅ...	tr=sh√≠...	sc=Hani
eng	-teen	Suffix	tr	to form numbers 13 - 19	cym	un deg	alt=un deg...
eng	-teen	Suffix	tr	to form numbers 13 - 19	dan	-ten
eng	-teen	Suffix	tr	to form numbers 13 - 19	deu	zehn	alt=-zehn
eng	-teen	Suffix	tr	to form numbers 13 - 19	ell	Œ¥ŒµŒ∫Œ±	alt=Œ¥ŒµŒ∫Œ±-	sc=Grek
eng	-teen	Suffix	tr	to form numbers 13 - 19	epo	dek	alt=dek ...
eng	-teen	Suffix	tr	to form numbers 13 - 19	est	-teist
eng	-teen	Suffix	tr	to form numbers 13 - 19	fao	-tan
eng	-teen	Suffix	tr	to form numbers 13 - 19	fao	-tjan
eng	-teen	Suffix	tr	to form numbers 13 - 19	fin	-toista
eng	-teen	Suffix	tr	to form numbers 13 - 19	fra	dix-
eng	-teen	Suffix	tr	to form numbers 13 - 19	fra	-ze
eng	-teen	Suffix	tr	to form numbers 13 - 19	frr	-t√§in
eng	-teen	Suffix	tr	to form numbers 13 - 19	fry	-tjin
eng	-teen	Suffix	tr	to form numbers 13 - 19	gla	deug	alt=deug ...
eng	-teen	Suffix	tr	to form numbers 13 - 19	gla	dheug	alt=dheug ...
eng	-teen	Suffix	tr	to form numbers 13 - 19	gle	d√©ag	alt=... d√©ag
eng	-teen	Suffix	tr	to form numbers 13 - 19	gle	d√©ag	alt=... dh√©ag
eng	-teen	Suffix	tr	to form numbers 13 - 19	glv	jeig
eng	-teen	Suffix	tr	to form numbers 13 - 19	got	êçÑêå∞êåπêå∑êåøêåΩ	alt=-êçÑêå∞êåπêå∑êåøêåΩ	sc=Goth
eng	-teen	Suffix	tr	to form numbers 13 - 19	haw	 ªumik≈´mƒÅ-
eng	-teen	Suffix	tr	to form numbers 13 - 19	hbs	-naest
eng	-teen	Suffix	tr	to form numbers 13 - 19	hbs	-–Ω–∞–µ—Å—Ç	sc=Cyrl
eng	-teen	Suffix	tr	to form numbers 13 - 19	heb	◊¢◊©◊®	m	alt=... ◊¢◊©◊®	tr=... 'as√°r
eng	-teen	Suffix	tr	to form numbers 13 - 19	heb	◊¢◊©◊®◊î	f	alt=... ◊¢◊©◊®◊î	tr=... 'esr√©
eng	-teen	Suffix	tr	to form numbers 13 - 19	hun	tizen-
eng	-teen	Suffix	tr	to form numbers 13 - 19	hye	’ø’°’Ω’∂	alt=’ø’°’Ω’∂-	sc=Armn
eng	-teen	Suffix	tr	to form numbers 13 - 19	ind	belas	alt=... belas
eng	-teen	Suffix	tr	to form numbers 13 - 19	isl	-t√°n
eng	-teen	Suffix	tr	to form numbers 13 - 19	isl	-tj√°n
eng	-teen	Suffix	tr	to form numbers 13 - 19	ita	-dici
eng	-teen	Suffix	tr	to form numbers 13 - 19	ita	dici-
eng	-teen	Suffix	tr	to form numbers 13 - 19	jpn	ÂçÅ	alt=ÂçÅ...	tr=„Åò„ÇÖ„ÅÜ..., j≈´...
eng	-teen	Suffix	tr	to form numbers 13 - 19	kat	·Éó...·Éõ·Éî·É¢·Éò	sc=Geor
eng	-teen	Suffix	tr	to form numbers 13 - 19	kor	Ïó¥	alt=Ïó¥...
eng	-teen	Suffix	tr	to form numbers 13 - 19	lat	-decim	tr=used 11 - 17, and occasionally up to 19
eng	-teen	Suffix	tr	to form numbers 13 - 19	lav	-padsmit
eng	-teen	Suffix	tr	to form numbers 13 - 19	lit	-lika
eng	-teen	Suffix	tr	to form numbers 13 - 19	mkd	-–Ω–∞–µ—Å–µ—Ç	sc=Cyrl
eng	-teen	Suffix	tr	to form numbers 13 - 19	msa	belas	alt=... belas
eng	-teen	Suffix	tr	to form numbers 13 - 19	msa	ÿ®ŸÑÿ≥	alt=... ÿ®ŸÑÿ≥	sc=Arab
eng	-teen	Suffix	tr	to form numbers 13 - 19	nld	-tien
eng	-teen	Suffix	tr	to form numbers 13 - 19	nno	-ten
eng	-teen	Suffix	tr	to form numbers 13 - 19	nob	-ten
eng	-teen	Suffix	tr	to form numbers 13 - 19	pol	-na≈õcie
eng	-teen	Suffix	tr	to form numbers 13 - 19	ron	-sprezece
eng	-teen	Suffix	tr	to form numbers 13 - 19	rus	-–Ω–∞–¥—Ü–∞—Ç—å
eng	-teen	Suffix	tr	to form numbers 13 - 19	slk	-n√°s≈•
eng	-teen	Suffix	tr	to form numbers 13 - 19	slv	-najst
eng	-teen	Suffix	tr	to form numbers 13 - 19	spa	-ce
eng	-teen	Suffix	tr	to form numbers 13 - 19	spa	dieci-
eng	-teen	Suffix	tr	to form numbers 13 - 19	sqi	-mb√´dhjet√´
eng	-teen	Suffix	tr	to form numbers 13 - 19	swe	-ton
eng	-teen	Suffix	tr	to form numbers 13 - 19	tgl	labing-
eng	-teen	Suffix	tr	to form numbers 13 - 19	tur	on	alt=on ...
eng	-teen	Suffix	tr	to form numbers 13 - 19	ukr	-–Ω–∞–¥—Ü—è—Ç—å	sc=Cyrl
eng	-th	Suffix	tr	used to form the ordinal numeral	alt	-–∏–Ω—á–∏
eng	-th	Suffix	tr	used to form the ordinal numeral	alt	-–Ω—á–∏
eng	-th	Suffix	tr	used to form the ordinal numeral	alt	-–Ω—á—ã
eng	-th	Suffix	tr	used to form the ordinal numeral	alt	-”±–Ω—á–∏
eng	-th	Suffix	tr	used to form the ordinal numeral	alt	-—É–Ω—á—ã
eng	-th	Suffix	tr	used to form the ordinal numeral	alt	-—ã–Ω—á—ã
eng	-th	Suffix	tr	used to form the ordinal numeral	aze	-inci
eng	-th	Suffix	tr	used to form the ordinal numeral	aze	-ƒ±ncƒ±
eng	-th	Suffix	tr	used to form the ordinal numeral	aze	-nci
eng	-th	Suffix	tr	used to form the ordinal numeral	aze	-uncu
eng	-th	Suffix	tr	used to form the ordinal numeral	aze	-√ºnc√º
eng	-th	Suffix	tr	used to form the ordinal numeral	bre	-vet
eng	-th	Suffix	tr	used to form the ordinal numeral	cat	-√®
eng	-th	Suffix	tr	used to form the ordinal numeral	cat	-√®sim
eng	-th	Suffix	tr	used to form the ordinal numeral	cmn	Á¨¨	tr=d√¨...	alt=Á¨¨‚Ä¶‚Ä¶
eng	-th	Suffix	tr	used to form the ordinal numeral	cym	-ed
eng	-th	Suffix	tr	used to form the ordinal numeral	cym	-edd
eng	-th	Suffix	tr	used to form the ordinal numeral	cym	-fed
eng	-th	Suffix	tr	used to form the ordinal numeral	cym	-ydd
eng	-th	Suffix	tr	used to form the ordinal numeral	deu	-ste
eng	-th	Suffix	tr	used to form the ordinal numeral	deu	-te
eng	-th	Suffix	tr	used to form the ordinal numeral	dng	–¥–∏	alt=–¥–∏ ...
eng	-th	Suffix	tr	used to form the ordinal numeral	epo	-a
eng	-th	Suffix	tr	used to form the ordinal numeral	fas	ŸÖ	tr=-om	alt=ŸÄŸÖ
eng	-th	Suffix	tr	used to form the ordinal numeral	fin	-s
eng	-th	Suffix	tr	used to form the ordinal numeral	fra	-i√®me
eng	-th	Suffix	tr	used to form the ordinal numeral	gle	-√∫
eng	-th	Suffix	tr	used to form the ordinal numeral	glg	-√©simo	m
eng	-th	Suffix	tr	used to form the ordinal numeral	hak	Á¨¨	tr=thi...	alt=Á¨¨‚Ä¶‚Ä¶
eng	-th	Suffix	tr	used to form the ordinal numeral	heb	÷æ◊ô	tr=-i
eng	-th	Suffix	tr	used to form the ordinal numeral	hin	‡§µ‡§æ‡§Ç	alt=-‡§µ‡§æ‡§Ç
eng	-th	Suffix	tr	used to form the ordinal numeral	hye	-’•÷Ä’∏÷Ä’§
eng	-th	Suffix	tr	used to form the ordinal numeral	hye	-÷Ä’§
eng	-th	Suffix	tr	used to form the ordinal numeral	ido	-esma
eng	-th	Suffix	tr	used to form the ordinal numeral	ind	ke-
eng	-th	Suffix	tr	used to form the ordinal numeral	ita	-esimo
eng	-th	Suffix	tr	used to form the ordinal numeral	ita	-imo
eng	-th	Suffix	tr	used to form the ordinal numeral	ita	-to
eng	-th	Suffix	tr	used to form the ordinal numeral	jpn	Áï™ÁõÆ	tr=...„Å∞„Çì„ÇÅ, ...banme	alt=...Áï™ÁõÆ
eng	-th	Suffix	tr	used to form the ordinal numeral	jpn	ÁõÆ	tr=...„ÇÅ, ...me	alt=...ÁõÆ
eng	-th	Suffix	tr	used to form the ordinal numeral	jpn	Á¨¨	tr=„Å†„ÅÑ..., dai...	alt=Á¨¨...
eng	-th	Suffix	tr	used to form the ordinal numeral	khm	·ûë·û∏	tr=tii-	alt=·ûë·û∏-
eng	-th	Suffix	tr	used to form the ordinal numeral	kir	-–∏–Ω—á–∏
eng	-th	Suffix	tr	used to form the ordinal numeral	kir	-–Ω—á–∏
eng	-th	Suffix	tr	used to form the ordinal numeral	kir	-–Ω—á—É
eng	-th	Suffix	tr	used to form the ordinal numeral	kir	-–Ω—á“Ø
eng	-th	Suffix	tr	used to form the ordinal numeral	kir	-–Ω—á—ã
eng	-th	Suffix	tr	used to form the ordinal numeral	kir	-—É–Ω—á—É
eng	-th	Suffix	tr	used to form the ordinal numeral	kir	-“Ø–Ω—á“Ø
eng	-th	Suffix	tr	used to form the ordinal numeral	kir	-—ã–Ω—á—ã
eng	-th	Suffix	tr	used to form the ordinal numeral	kor	Î≤àÏß∏	alt=~ Î≤àÏß∏
eng	-th	Suffix	tr	used to form the ordinal numeral	kor	Ï†ú	alt=Ï†ú-
eng	-th	Suffix	tr	used to form the ordinal numeral	kor	Ïß∏	alt=-Ïß∏
eng	-th	Suffix	tr	used to form the ordinal numeral	lao	‡∫ó‡∫µ‡ªà	alt=‡∫ó‡∫µ‡ªà-
eng	-th	Suffix	tr	used to form the ordinal numeral	mar	-‡§µ‡§æ
eng	-th	Suffix	tr	used to form the ordinal numeral	msa	ke-
eng	-th	Suffix	tr	used to form the ordinal numeral	msa	⁄©-
eng	-th	Suffix	tr	used to form the ordinal numeral	nan	Á¨¨	tr=tƒì...	alt=Á¨¨‚Ä¶‚Ä¶
eng	-th	Suffix	tr	used to form the ordinal numeral	oci	-en
eng	-th	Suffix	tr	used to form the ordinal numeral	pol	-ty	m
eng	-th	Suffix	tr	used to form the ordinal numeral	pol	-y	m
eng	-th	Suffix	tr	used to form the ordinal numeral	por	-avo
eng	-th	Suffix	tr	used to form the ordinal numeral	por	-eiro
eng	-th	Suffix	tr	used to form the ordinal numeral	por	-√©simo
eng	-th	Suffix	tr	used to form the ordinal numeral	por	-imo
eng	-th	Suffix	tr	used to form the ordinal numeral	por	-to
eng	-th	Suffix	tr	used to form the ordinal numeral	rus	-–∏–π	m
eng	-th	Suffix	tr	used to form the ordinal numeral	rus	-–æÃÅ–π	m
eng	-th	Suffix	tr	used to form the ordinal numeral	rus	-—ã–π
eng	-th	Suffix	tr	used to form the ordinal numeral	sga	-mad
eng	-th	Suffix	tr	used to form the ordinal numeral	spa	-avo
eng	-th	Suffix	tr	used to form the ordinal numeral	spa	-ero
eng	-th	Suffix	tr	used to form the ordinal numeral	spa	-√©simo
eng	-th	Suffix	tr	used to form the ordinal numeral	spa	-imo
eng	-th	Suffix	tr	used to form the ordinal numeral	spa	-to
eng	-th	Suffix	tr	used to form the ordinal numeral	swe	-de
eng	-th	Suffix	tr	used to form the ordinal numeral	swe	-te
eng	-th	Suffix	tr	used to form the ordinal numeral	tgk	-—É–º
eng	-th	Suffix	tr	used to form the ordinal numeral	tha	‡∏ó‡∏µ‡πà	alt=‡∏ó‡∏µ‡πà-
eng	-th	Suffix	tr	used to form the ordinal numeral	tir	·àò·â†·àç -
eng	-th	Suffix	tr	used to form the ordinal numeral	tir	-·ã≠
eng	-th	Suffix	tr	used to form the ordinal numeral	tur	-inci
eng	-th	Suffix	tr	used to form the ordinal numeral	tur	-ƒ±ncƒ±
eng	-th	Suffix	tr	used to form the ordinal numeral	tur	-nci
eng	-th	Suffix	tr	used to form the ordinal numeral	tur	-ncƒ±
eng	-th	Suffix	tr	used to form the ordinal numeral	tur	-uncu
eng	-th	Suffix	tr	used to form the ordinal numeral	tur	-√ºnc√º
eng	-th	Suffix	tr	used to form the ordinal numeral	vie	th·ª©	alt=th·ª© ...
eng	-th	Suffix	tr	used to form the ordinal numeral	wuu	Á¨¨	tr=di...	alt=Á¨¨‚Ä¶‚Ä¶
eng	-th	Suffix	tr	used to form the ordinal numeral	yue	Á¨¨	tr=dai6...	alt=Á¨¨‚Ä¶‚Ä¶
eng	-time	Suffix	tr	suffix used to indicate how many times something has occurred	hun	-szeres
eng	-time	Suffix	tr	suffix used to indicate how many times something has occurred	hun	-szoros
eng	-time	Suffix	tr	suffix used to indicate how many times something has occurred	hun	-sz√∂r√∂s
eng	-time	Suffix	tr	suffix used to indicate how many times something has occurred	pol	-krotny
eng	-tion	Suffix	tr	producing a noun meaning the action or effect of a verb	aze	-l…ô≈üm…ô
eng	-tion	Suffix	tr	producing a noun meaning the action or effect of a verb	aze	-m…ô
eng	-tion	Suffix	tr	producing a noun meaning the action or effect of a verb	aze	-siya
eng	-tion	Suffix	tr	producing a noun meaning the action or effect of a verb	aze	-syon
eng	-tion	Suffix	tr	producing a noun meaning the action or effect of a verb	cat	-ci√≥	f
eng	-tion	Suffix	tr	producing a noun meaning the action or effect of a verb	ces	-ce
eng	-tion	Suffix	tr	producing a noun meaning the action or effect of a verb	dan	-tion	c
eng	-tion	Suffix	tr	producing a noun meaning the action or effect of a verb	deu	-tion	f
eng	-tion	Suffix	tr	producing a noun meaning the action or effect of a verb	deu	-ung	f
eng	-tion	Suffix	tr	producing a noun meaning the action or effect of a verb	epo	-ado
eng	-tion	Suffix	tr	producing a noun meaning the action or effect of a verb	fao	-sj√≥n	f
eng	-tion	Suffix	tr	producing a noun meaning the action or effect of a verb	fin	-minen
eng	-tion	Suffix	tr	producing a noun meaning the action or effect of a verb	fin	-tio
eng	-tion	Suffix	tr	producing a noun meaning the action or effect of a verb	fra	-tion
eng	-tion	Suffix	tr	producing a noun meaning the action or effect of a verb	glg	-ci√≥n	f
eng	-tion	Suffix	tr	producing a noun meaning the action or effect of a verb	heb	-◊¶◊ô◊î	f	tr=tsia	sc=Hebr
eng	-tion	Suffix	tr	producing a noun meaning the action or effect of a verb	hun	-ci√≥
eng	-tion	Suffix	tr	producing a noun meaning the action or effect of a verb	hye	-’∏÷Ç’©’µ’∏÷Ç’∂
eng	-tion	Suffix	tr	producing a noun meaning the action or effect of a verb	ita	-zione
eng	-tion	Suffix	tr	producing a noun meaning the action or effect of a verb	jpn	-Âåñ	tr=-„Åã, -ka	sc=Jpan
eng	-tion	Suffix	tr	producing a noun meaning the action or effect of a verb	khm	·ûÄ·û∂·ûö	sc=Khmr
eng	-tion	Suffix	tr	producing a noun meaning the action or effect of a verb	lat	-ti≈ç	f
eng	-tion	Suffix	tr	producing a noun meaning the action or effect of a verb	lit	-cija	f
eng	-tion	Suffix	tr	producing a noun meaning the action or effect of a verb	msa	peng--an
eng	-tion	Suffix	tr	producing a noun meaning the action or effect of a verb	msa	per--an
eng	-tion	Suffix	tr	producing a noun meaning the action or effect of a verb	msa	-sen
eng	-tion	Suffix	tr	producing a noun meaning the action or effect of a verb	msa	-si
eng	-tion	Suffix	tr	producing a noun meaning the action or effect of a verb	msa	-syen
eng	-tion	Suffix	tr	producing a noun meaning the action or effect of a verb	nld	-ing
eng	-tion	Suffix	tr	producing a noun meaning the action or effect of a verb	nld	-tie
eng	-tion	Suffix	tr	producing a noun meaning the action or effect of a verb	nor	-sjon	m
eng	-tion	Suffix	tr	producing a noun meaning the action or effect of a verb	oci	-cion	f
eng	-tion	Suffix	tr	producing a noun meaning the action or effect of a verb	pol	-cja	f
eng	-tion	Suffix	tr	producing a noun meaning the action or effect of a verb	por	-√ß√£o
eng	-tion	Suffix	tr	producing a noun meaning the action or effect of a verb	roh	-schun	m
eng	-tion	Suffix	tr	producing a noun meaning the action or effect of a verb	roh	-ziun	m
eng	-tion	Suffix	tr	producing a noun meaning the action or effect of a verb	ron	-ciune
eng	-tion	Suffix	tr	producing a noun meaning the action or effect of a verb	ron	-»õie
eng	-tion	Suffix	tr	producing a noun meaning the action or effect of a verb	ron	-»õiune
eng	-tion	Suffix	tr	producing a noun meaning the action or effect of a verb	rus	-—Ü–∏—è
eng	-tion	Suffix	tr	producing a noun meaning the action or effect of a verb	slk	-cia	f
eng	-tion	Suffix	tr	producing a noun meaning the action or effect of a verb	slv	-cija
eng	-tion	Suffix	tr	producing a noun meaning the action or effect of a verb	spa	-ci√≥n
eng	-tion	Suffix	tr	producing a noun meaning the action or effect of a verb	swe	-ing	c
eng	-tion	Suffix	tr	producing a noun meaning the action or effect of a verb	swe	-tion	c
eng	-tion	Suffix	tr	producing a noun meaning the action or effect of a verb	tgl	-siyon
eng	-tion	Suffix	tr	producing a noun meaning the action or effect of a verb	tha	‡∏Å‡∏≤‡∏£
eng	-tion	Suffix	tr	producing a noun meaning the action or effect of a verb	tha	‡∏Ñ‡∏ß‡∏≤‡∏°
eng	-tion	Suffix	tr	producing a noun meaning the action or effect of a verb	tur	-syon
eng	-tion	Suffix	tr	producing a noun meaning the action or effect of a verb	ukr	-–Ω–Ω—è
eng	-tion	Suffix	tr	producing a noun meaning the action or effect of a verb	ukr	-—Ü—ñ—è
eng	-tion	Suffix	tr	producing a noun meaning the action or effect of a verb	yid	÷æ◊ï◊†◊í	f	sc=Hebr
eng	-to-be	Suffix	tr	future, later, expectant	fin	tuleva
eng	-to-be	Suffix	tr	future, later, expectant	fra	en devenir
eng	-to-be	Suffix	tr	future, later, expectant	hun	jel√∂lt	alt=-jel√∂lt
eng	-to-be	Suffix	tr	future, later, expectant	hun	leend≈ë
eng	-tomy	Suffix	tr	cutting, incision, section	cat	-tomia	f
eng	-tomy	Suffix	tr	cutting, incision, section	gle	-t√≥ime	f
eng	-tomy	Suffix	tr	cutting, incision, section	glg	-tom√≠a	f
eng	-tomy	Suffix	tr	cutting, incision, section	hun	metsz√©s	alt=-metsz√©s
eng	-tomy	Suffix	tr	cutting, incision, section	hun	-t√≥mia
eng	-tomy	Suffix	tr	cutting, incision, section	ita	-tomia	f
eng	-tomy	Suffix	tr	cutting, incision, section	jpn	ÂàáÈô§	tr=„Åõ„Å§„Åò„Çá, setsujo
eng	-tomy	Suffix	tr	cutting, incision, section	spa	-tom√≠a	f
eng	-trophic	Suffix	tr	''used to form adjectives corresponding to nouns ending in -trophy''	fra	-trophe
eng	-trophic	Suffix	tr	''used to form adjectives corresponding to nouns ending in -trophy''	gle	-tr√≥fach
eng	-trophic	Suffix	tr	''used to form adjectives corresponding to nouns ending in -trophy''	ita	-tropico
eng	-tropic	Suffix	tr	affecting or attracted to the thing specified	gle	-tr√≥pach
eng	-tropic	Suffix	tr	affecting or attracted to the thing specified	ita	-tropico
eng	-tropic	Suffix	tr	affecting or attracted to the thing specified	ita	-tropo
eng	-tropy	Suffix	tr		fra	-tropie
eng	-tropy	Suffix	tr		ita	-tropia
eng	-tuple	Suffix	tr	tuple with the specified number terms	fin	-kertainen
eng	-tuple	Suffix	tr	tuple with the specified number terms	jpn	ÁµÑ	tr=„Åè„Åø, -kumi	sc=Jpan
eng	-tuple	Suffix	tr	tuple with the specified number terms	kmr	-bare
eng	-tuple	Suffix	tr	tuple with the specified number terms	kmr	-car√Æ
eng	-ty	Suffix	tr	multiples of ten	ara	ŸÄŸèŸàŸÜŸé
eng	-ty	Suffix	tr	multiples of ten	ara	ŸÄŸêŸäŸÜŸé
eng	-ty	Suffix	tr	multiples of ten	cmn	ÂçÅ	alt=...ÂçÅ	tr=...sh√≠	sc=Hani
eng	-ty	Suffix	tr	multiples of ten	dan	-ti
eng	-ty	Suffix	tr	multiples of ten	deu	zig	alt=-zig
eng	-ty	Suffix	tr	multiples of ten	epo	-dek
eng	-ty	Suffix	tr	multiples of ten	est	-kend
eng	-ty	Suffix	tr	multiples of ten	est	-k√ºmmend
eng	-ty	Suffix	tr	multiples of ten	fry	-tich
eng	-ty	Suffix	tr	multiples of ten	hun	-van
eng	-ty	Suffix	tr	multiples of ten	hun	-ven
eng	-ty	Suffix	tr	multiples of ten	jpn	ÂçÅ	alt=...ÂçÅ	tr=...„Åò„ÇÖ„ÅÜ, ...j≈´
eng	-ty	Suffix	tr	multiples of ten	kor	Ïã≠	alt=...Ïã≠
eng	-ty	Suffix	tr	multiples of ten	msa	puluh
eng	-ty	Suffix	tr	multiples of ten	nld	-tig
eng	-ty	Suffix	tr	multiples of ten	nno	-ti
eng	-ty	Suffix	tr	multiples of ten	nob	-ti
eng	-ty	Suffix	tr	multiples of ten	rus	-–¥–µ—Å—èÃÅ—Ç
eng	-ty	Suffix	tr	multiples of ten	rus	-–¥—Ü–∞—Ç—å
