	acharya	Noun	tr	Disciplinarian, Scholar, Academic, Expert, Specialist.	hin	à¤†à¤šà¤¾à¤°à¥à¤¯	m
eng	Pyatigorsk	Proper noun	tr	city in Russia	kat	áƒáƒ˜áƒáƒ¢áƒ˜áƒ’áƒáƒ áƒ¡áƒ™áƒ˜
eng	Pyatigorsk	Proper noun	tr	city in Russia	nog	Ğ‘ĞµÑÑ‚Ğ°Ğ²
eng	Pyatigorsk	Proper noun	tr	city in Russia	rus	ĞŸÑÑ‚Ğ¸Ğ³Ğ¾ÌÑ€ÑĞº	m
eng	Pyay	Proper noun	tr	city in Burma	cmn	å‘è°¬	tr=BÄ“imiÃ¹
eng	Pyay	Proper noun	tr	city in Burma	mnw	á€•á€¼á€”á€º	tr=prÉ”n
eng	Pyay	Proper noun	tr	city in Burma	mya	á€•á€¼á€Šá€ºá€™á€¼á€­á€¯á€·
eng	Pyay	Proper noun	tr	city in Burma	rus	ĞŸÑ€Ğ¾Ğ¼	m
eng	Pyay	Proper noun	tr	city in Burma	rus	ĞŸÑŒĞ¸	m
eng	Pyay	Proper noun	tr	city in Burma	tha	à¹à¸›à¸£	tr=bprÉ›É›
eng	Pyeongchang	Proper noun	tr	county of South Korea	cat	Pyeongchang
eng	Pyeongchang	Proper noun	tr	county of South Korea	cmn	å¹³æ˜Œ	tr=PÃ­ngchÄng
eng	Pyeongchang	Proper noun	tr	county of South Korea	cmn	å¹³æ˜Œéƒ¡	tr=PÃ­ngchÄngjÃ¹n
eng	Pyeongchang	Proper noun	tr	county of South Korea	fra	Pyeongchang
eng	Pyeongchang	Proper noun	tr	county of South Korea	hin	à¤ªà¥à¤¯à¥‹à¤‚à¤—à¤šà¥ˆà¤‚à¤—	?
eng	Pyeongchang	Proper noun	tr	county of South Korea	jpn	å¹³æ˜Œ	tr=ãƒ”ãƒ§ãƒ³ãƒãƒ£ãƒ³, Pyonchan
eng	Pyeongchang	Proper noun	tr	county of South Korea	jpn	å¹³æ˜Œéƒ¡	tr=ãƒ”ãƒ§ãƒ³ãƒãƒ£ãƒ³ãã‚“, Pyonchan-gun
eng	Pyeongchang	Proper noun	tr	county of South Korea	kor	^í‰ì°½(å¹³æ˜Œ)
eng	Pyeongchang	Proper noun	tr	county of South Korea	kor	^í‰ì°½êµ°(å¹³æ˜Œéƒ¡)
eng	Pyeongchang	Proper noun	tr	county of South Korea	por	Pyeongchang
eng	Pyeongchang	Proper noun	tr	county of South Korea	spa	Pieonchang
eng	Pyeongchang	Proper noun	tr	county of South Korea	yue	å¹³æ˜Œ	tr=ping4 coeng1
eng	Pyeongchang	Proper noun	tr	county of South Korea	yue	å¹³æ˜Œéƒ¡	tr=ping4 coeng1 gwan6
eng	Pyeongchang	Proper noun	tr	county seat of Pyeongchang	cmn	å¹³æ˜Œ	tr=PÃ­ngchÄng
eng	Pyeongchang	Proper noun	tr	county seat of Pyeongchang	cmn	å¹³æ˜Œé‚‘	tr=PÃ­ngchÄngyÃ¬
eng	Pyeongchang	Proper noun	tr	county seat of Pyeongchang	hin	à¤ªà¥à¤¯à¥‹à¤‚à¤—à¤šà¥ˆà¤‚à¤—	?
eng	Pyeongchang	Proper noun	tr	county seat of Pyeongchang	jpn	å¹³æ˜Œ	tr=ãƒ”ãƒ§ãƒ³ãƒãƒ£ãƒ³, Pyonchan
eng	Pyeongchang	Proper noun	tr	county seat of Pyeongchang	jpn	å¹³æ˜Œé‚‘	tr=ãƒ”ãƒ§ãƒ³ãƒãƒ£ãƒ³ã‚†ã†, Pyonchan-yÅ«
eng	Pyeongchang	Proper noun	tr	county seat of Pyeongchang	kor	^í‰ì°½(å¹³æ˜Œ)
eng	Pyeongchang	Proper noun	tr	county seat of Pyeongchang	kor	^í‰ì°½ì(å¹³æ˜Œé‚‘)
eng	Pyeongchang	Proper noun	tr	county seat of Pyeongchang	yue	å¹³æ˜Œ	tr=ping4 coeng1
eng	Pyeongchang	Proper noun	tr	county seat of Pyeongchang	yue	å¹³æ˜Œé‚‘	tr=ping4 coeng1 jap1
eng	Pyeongchang	Proper noun	tr	neighbourhood in Seoul	jpn	å¹³å€‰æ´	tr=ãƒ”ãƒ§ãƒ³ãƒãƒ£ãƒ³ãƒ‰ãƒ³, Pyonchandon
eng	Pyeongchang	Proper noun	tr	neighbourhood in Seoul	kor	^í‰ì°½(å¹³å€‰)
eng	Pyeongchang	Proper noun	tr	neighbourhood in Seoul	kor	^í‰ì°½ë™(å¹³å€‰æ´)
eng	PyhtÃ¤Ã¤	Proper noun	tr	municipality	fin	PyhtÃ¤Ã¤
eng	Pylos	Proper noun	tr	town	ell	Î ÏÎ»Î¿Ï‚
eng	Pylos	Proper noun	tr	town	gmy	ğ€¢ğ€«
eng	Pylos	Proper noun	tr	town	ita	Navarino
eng	Pyongyangite	Noun	tr	native or inhabitant of Pyongyang	cmn	å¹³å£¤äºº	tr=PÃ­ngrÇng rÃ©n
eng	Pyongyangite	Noun	tr	native or inhabitant of Pyongyang	fin	pjongjangilainen
eng	Pyongyangite	Noun	tr	native or inhabitant of Pyongyang	rus	Ğ¿Ñ…ĞµĞ½ÑŒÑÌĞ½ĞµÑ†	m
eng	Pyongyangite	Noun	tr	native or inhabitant of Pyongyang	rus	Ğ¿Ñ…ĞµĞ½ÑŒÑÌĞ½ĞºĞ°	f
eng	Pyongyang	Proper noun	tr	capital of North Korea	afr	Pjongjang
eng	Pyongyang	Proper noun	tr	capital of North Korea	ara	Ø¨Ù’ÙŠÙÙˆÙ†Ù’ÙŠÙØ§Ù†Ù’Øº	f	tr=byunyÄná¸¡
eng	Pyongyang	Proper noun	tr	capital of North Korea	aze	Pxenyan
eng	Pyongyang	Proper noun	tr	capital of North Korea	bel	ĞŸÑ…ĞµĞ½ÑŒÑÌĞ½	m
eng	Pyongyang	Proper noun	tr	capital of North Korea	ben	à¦ªà¦¿à¦¯à¦¼à¦‚ à¦‡à¦¯à¦¼à¦¾à¦‚
eng	Pyongyang	Proper noun	tr	capital of North Korea	bod	à½•à½¼à½„à¼‹à½¡à½„
eng	Pyongyang	Proper noun	tr	capital of North Korea	bul	ĞŸÑ…ĞµĞ½ÑÌĞ½	m
eng	Pyongyang	Proper noun	tr	capital of North Korea	cdo	å¹³å£¤	tr=BÃ¬ng-iÅng
eng	Pyongyang	Proper noun	tr	capital of North Korea	ces	Pchjongjang	m
eng	Pyongyang	Proper noun	tr	capital of North Korea	cmn	å¹³å£¤	tr=PÃ­ngrÇng
eng	Pyongyang	Proper noun	tr	capital of North Korea	dan	Pyongyang
eng	Pyongyang	Proper noun	tr	capital of North Korea	deu	PjÃ¶ngjang	n
eng	Pyongyang	Proper noun	tr	capital of North Korea	ell	Î Î¹Î¿Î½Î³Î¹Î¬Î½Î³Îº	f
eng	Pyongyang	Proper noun	tr	capital of North Korea	est	Phjongjang
eng	Pyongyang	Proper noun	tr	capital of North Korea	est	P'yÅngyang
eng	Pyongyang	Proper noun	tr	capital of North Korea	eus	Piongiang
eng	Pyongyang	Proper noun	tr	capital of North Korea	fas	Ù¾Ù‡Ù†ÛŒØ§Ù†	tr=pehenyÃ¢n
eng	Pyongyang	Proper noun	tr	capital of North Korea	fas	Ù¾ÛŒÙˆÙ†Ú¯â€ŒÛŒØ§Ù†Ú¯	tr=piyong-yÃ¢ng
eng	Pyongyang	Proper noun	tr	capital of North Korea	fin	Pjongjang
eng	Pyongyang	Proper noun	tr	capital of North Korea	fra	Pyongyang	m
eng	Pyongyang	Proper noun	tr	capital of North Korea	guj	àªªà«àª¯à«‹àª‚àª—àª¯àª¾àª‚àª—
eng	Pyongyang	Proper noun	tr	capital of North Korea	hbs	Pjongjang	m
eng	Pyongyang	Proper noun	tr	capital of North Korea	hbs	ĞŸÑ˜Ğ¾Ğ½Ğ³Ñ˜Ğ°Ğ½Ğ³	m
eng	Pyongyang	Proper noun	tr	capital of North Korea	heb	×¤×™×•× ×’×™×× ×’	f	tr=pyongyang
eng	Pyongyang	Proper noun	tr	capital of North Korea	hin	à¤ªà¥à¤¯à¥‹à¤‚à¤—à¤¯à¤¾à¤‚à¤—	m
eng	Pyongyang	Proper noun	tr	capital of North Korea	hun	Phenjan
eng	Pyongyang	Proper noun	tr	capital of North Korea	hye	Õ“Õ­Õ¥Õ¶ÕµÕ¡Õ¶
eng	Pyongyang	Proper noun	tr	capital of North Korea	ind	Pyongyang
eng	Pyongyang	Proper noun	tr	capital of North Korea	jpn	ãƒ”ãƒ§ãƒ³ãƒ¤ãƒ³	tr=Pyon'yan
eng	Pyongyang	Proper noun	tr	capital of North Korea	jpn	å¹³å£Œ	tr=ãƒ”ãƒ§ãƒ³ãƒ¤ãƒ³, Pyon'yan, ã¸ã„ã˜ã‚‡ã†, HeijÅ
eng	Pyongyang	Proper noun	tr	capital of North Korea	kan	à²ªà³à²¯à³Šà²¨à³à²—à³à²¯à²¾à²‚à²—à³
eng	Pyongyang	Proper noun	tr	capital of North Korea	kat	áƒ¤áƒ®áƒ”áƒœáƒ˜áƒáƒœáƒ˜
eng	Pyongyang	Proper noun	tr	capital of North Korea	kaz	ĞŸÑ…ĞµĞ½ÑŒÑĞ½
eng	Pyongyang	Proper noun	tr	capital of North Korea	khm	á–áŸ’á™á»á„á™áŸ‰á¶á„
eng	Pyongyang	Proper noun	tr	capital of North Korea	kir	ĞŸÑ…ĞµĞ½ÑŒÑĞ½
eng	Pyongyang	Proper noun	tr	capital of North Korea	kor	^í‰ì–‘ (å¹³å£¤)
eng	Pyongyang	Proper noun	tr	capital of North Korea	lao	àºàº½àº‡àº¢àº²àº‡
eng	Pyongyang	Proper noun	tr	capital of North Korea	lav	Phenjana	f
eng	Pyongyang	Proper noun	tr	capital of North Korea	lit	Pchenjanas	m
eng	Pyongyang	Proper noun	tr	capital of North Korea	mal	à´ªàµà´¯àµ‹à´‚à´™àµà´¯à´¾à´‚à´—àµ
eng	Pyongyang	Proper noun	tr	capital of North Korea	mar	à¤ªà¥à¤¯à¥‹à¤‚à¤—à¤¯à¤¾à¤‚à¤—
eng	Pyongyang	Proper noun	tr	capital of North Korea	mkd	ĞŸÑ˜Ğ¾Ğ½Ğ³Ñ˜Ğ°Ğ½Ğ³	m
eng	Pyongyang	Proper noun	tr	capital of North Korea	mlt	Pjongjang
eng	Pyongyang	Proper noun	tr	capital of North Korea	mon	ĞŸÑ‘Ğ½ÑŠÑĞ½
eng	Pyongyang	Proper noun	tr	capital of North Korea	mon	ĞŸÑ…ĞµĞ½ÑŒÑĞ½
eng	Pyongyang	Proper noun	tr	capital of North Korea	msa	Pyongyang
eng	Pyongyang	Proper noun	tr	capital of North Korea	mya	á€•á€¼á€¯á€¶á€šá€™á€ºá€¸
eng	Pyongyang	Proper noun	tr	capital of North Korea	nan	å¹³å£¤	tr=PÃªng-liÃ³ng, PÃªng-jiÃ¡ng
eng	Pyongyang	Proper noun	tr	capital of North Korea	nav	PiÊ¼Ã³n-Yang
eng	Pyongyang	Proper noun	tr	capital of North Korea	nep	à¤ªà¥à¤¯à¥‹à¤™à¥à¤—à¤¯à¤¾à¤™à¥à¤—
eng	Pyongyang	Proper noun	tr	capital of North Korea	nld	Pyongyang	n
eng	Pyongyang	Proper noun	tr	capital of North Korea	nor	Pyongyang
eng	Pyongyang	Proper noun	tr	capital of North Korea	pan	à¨ªà¨¿à¨“à¨‚à¨—à¨¯à¨¾à¨‚à¨—
eng	Pyongyang	Proper noun	tr	capital of North Korea	pol	Phenian	m
eng	Pyongyang	Proper noun	tr	capital of North Korea	pol	Pjongjang	m
eng	Pyongyang	Proper noun	tr	capital of North Korea	por	Pionguiangue	f
eng	Pyongyang	Proper noun	tr	capital of North Korea	por	Pyongyang	f
eng	Pyongyang	Proper noun	tr	capital of North Korea	ron	Phenian
eng	Pyongyang	Proper noun	tr	capital of North Korea	rus	ĞŸÑ…ĞµĞ½ÑŒÑÌĞ½	m
eng	Pyongyang	Proper noun	tr	capital of North Korea	slk	Pchjongjang	m
eng	Pyongyang	Proper noun	tr	capital of North Korea	slv	Pjongjang	m
eng	Pyongyang	Proper noun	tr	capital of North Korea	spa	Pionyang	m
eng	Pyongyang	Proper noun	tr	capital of North Korea	sqi	Pjongian	m
eng	Pyongyang	Proper noun	tr	capital of North Korea	swe	Pyongyang
eng	Pyongyang	Proper noun	tr	capital of North Korea	tam	à®ªà®¿à®¯à¯Šà®™à¯à®¯à®¾à®™à¯
eng	Pyongyang	Proper noun	tr	capital of North Korea	tel	à°ªà±à°¯à±‹à°‚à°—à±à°¯à°¾à°‚à°—à±
eng	Pyongyang	Proper noun	tr	capital of North Korea	tgk	ĞŸÑ…ĞµĞ½ÑĞ½
eng	Pyongyang	Proper noun	tr	capital of North Korea	tgl	Pyongyang
eng	Pyongyang	Proper noun	tr	capital of North Korea	tha	à¹€à¸›à¸µà¸¢à¸‡à¸¢à¸²à¸‡
eng	Pyongyang	Proper noun	tr	capital of North Korea	tuk	PhenÃ½an
eng	Pyongyang	Proper noun	tr	capital of North Korea	tur	Pyongyang
eng	Pyongyang	Proper noun	tr	capital of North Korea	uig	Ù¾ÙŠÙˆÚ­ÙŠØ§Ú­
eng	Pyongyang	Proper noun	tr	capital of North Korea	ukr	ĞŸÑ…ĞµĞ½ÑŒÑÌĞ½	m
eng	Pyongyang	Proper noun	tr	capital of North Korea	urd	Ù¾ÛŒØ§Ù†Ú¯â€ŒÛŒØ§Ù†Ú¯	tr=pyÄngyÄng, pyongyÄng
eng	Pyongyang	Proper noun	tr	capital of North Korea	uzb	Pxenyan
eng	Pyongyang	Proper noun	tr	capital of North Korea	vie	BÃ¬nh NhÆ°á»¡ng
eng	Pyongyang	Proper noun	tr	capital of North Korea	vie	å¹³å£¤
eng	Pyongyang	Proper noun	tr	capital of North Korea	wuu	å¹³å£¤	tr=bin nyan, bin zan
eng	Pyongyang	Proper noun	tr	capital of North Korea	yid	×¤Ö¼×™×Ö¸× ×’×™×Ö·× ×’
eng	Pyongyang	Proper noun	tr	capital of North Korea	yue	å¹³å£¤	tr=ping4 joeng6
eng	Pyramid Texts	Proper noun	tr	ancient Egyptian funerary texts	deu	Pyramidentexte	m-p
eng	Pyrenean	Adjective	tr	of or pertaining to the Pyrenees	cat	pirenaic
eng	Pyrenean	Adjective	tr	of or pertaining to the Pyrenees	cat	pirinenc
eng	Pyrenean	Adjective	tr	of or pertaining to the Pyrenees	ces	pyrenejskÃ½
eng	Pyrenean	Adjective	tr	of or pertaining to the Pyrenees	deu	pyrenÃ¤isch
eng	Pyrenean	Adjective	tr	of or pertaining to the Pyrenees	fra	pyrÃ©nÃ©en	m
eng	Pyrenean	Adjective	tr	of or pertaining to the Pyrenees	hye	ÕºÕ«Ö€Õ¥Õ¶Õ¥ÕµÕ¡Õ¶
eng	Pyrenean	Adjective	tr	of or pertaining to the Pyrenees	ita	pirenaico
eng	Pyrenean	Adjective	tr	of or pertaining to the Pyrenees	mkd	Ğ¿Ğ¸Ñ€Ğ¸Ğ½ĞµÌÑ˜ÑĞºĞ¸
eng	Pyrenean	Adjective	tr	of or pertaining to the Pyrenees	nld	Pyrenees
eng	Pyrenean	Adjective	tr	of or pertaining to the Pyrenees	nld	Pyrenese
eng	Pyrenean	Adjective	tr	of or pertaining to the Pyrenees	oci	pirenenc
eng	Pyrenean	Adjective	tr	of or pertaining to the Pyrenees	oci	pirenÃ¨u
eng	Pyrenean	Adjective	tr	of or pertaining to the Pyrenees	pol	pirenejski
eng	Pyrenean	Adjective	tr	of or pertaining to the Pyrenees	por	pirenaico
eng	Pyrenean	Adjective	tr	of or pertaining to the Pyrenees	rus	Ğ¿Ğ¸Ñ€ĞµĞ½ĞµÌĞ¹ÑĞºĞ¸Ğ¹
eng	Pyrenean	Adjective	tr	of or pertaining to the Pyrenees	spa	pirenaico
eng	Pyrenean ibex	Noun	tr	recently extinct subspecies of ibex	cat	erc	m
eng	Pyrenean ibex	Noun	tr	recently extinct subspecies of ibex	cat	herc	m
eng	Pyrenean ibex	Noun	tr	recently extinct subspecies of ibex	fra	bouquetin des PyrÃ©nÃ©es	m
eng	Pyrenean ibex	Noun	tr	recently extinct subspecies of ibex	spa	bucardo	m
eng	PyrÃ©nÃ©es-Atlantiques	Proper noun	tr	dÃ©partement of Nouvelle-Aquitaine, France	fra	PyrÃ©nÃ©es-Atlantiques	f-p
eng	PyrÃ©nÃ©es-Orientales	Proper noun	tr	French department	cat	Pirineus Orientals	m-p
eng	PyrÃ©nÃ©es-Orientales	Proper noun	tr	French department	cos	Pirinei Orientali	m-p
eng	PyrÃ©nÃ©es-Orientales	Proper noun	tr	French department	fra	PyrÃ©nÃ©es-Orientales	f-p
eng	PyrÃ©nÃ©es-Orientales	Proper noun	tr	French department	ita	Pirinei Orientali	m-p
eng	PyrÃ©nÃ©es-Orientales	Proper noun	tr	French department	jpn	æ±ãƒ”ãƒ¬ãƒãƒ¼çœŒ	tr=azuma pirenÄ“ ken
eng	PyrÃ©nÃ©es-Orientales	Proper noun	tr	French department	oci	PirenÃ¨us Orientals	m-p
eng	PyrÃ©nÃ©es-Orientales	Proper noun	tr	French department	spa	Pirineos Orientales	m-p
eng	Pyrenees	Proper noun	tr	the mountain range separating Spain from France	afr	PireneÃ«
eng	Pyrenees	Proper noun	tr	the mountain range separating Spain from France	bul	ĞŸĞ¸Ñ€ĞµĞ½ĞµÌĞ¸
eng	Pyrenees	Proper noun	tr	the mountain range separating Spain from France	cat	Pirineus	m-p
eng	Pyrenees	Proper noun	tr	the mountain range separating Spain from France	ces	Pyreneje	f-p
eng	Pyrenees	Proper noun	tr	the mountain range separating Spain from France	cmn	æ¯”åˆ©ç‰›æ–¯å±±è„ˆ	sc=Hani
eng	Pyrenees	Proper noun	tr	the mountain range separating Spain from France	cmn	æ¯”åˆ©ç‰›æ–¯å±±è„‰	tr=BÇlÃ¬niÃºsÄ« shÄnmÃ i	sc=Hani
eng	Pyrenees	Proper noun	tr	the mountain range separating Spain from France	dan	PyrenÃ¦erne
eng	Pyrenees	Proper noun	tr	the mountain range separating Spain from France	deu	PyrenÃ¤en	f-p
eng	Pyrenees	Proper noun	tr	the mountain range separating Spain from France	ell	Î Ï…ÏÎ·Î½Î±Î¯Î±
eng	Pyrenees	Proper noun	tr	the mountain range separating Spain from France	epo	Pireneoj	p
eng	Pyrenees	Proper noun	tr	the mountain range separating Spain from France	est	PÃ¼reneed
eng	Pyrenees	Proper noun	tr	the mountain range separating Spain from France	eus	Pirinioak	p
eng	Pyrenees	Proper noun	tr	the mountain range separating Spain from France	fin	Pyreneet
eng	Pyrenees	Proper noun	tr	the mountain range separating Spain from France	fra	PyrÃ©nÃ©es	f-p
eng	Pyrenees	Proper noun	tr	the mountain range separating Spain from France	hin	à¤ªà¤¿à¤°à¤¨à¥€à¤œà¤¼	m
eng	Pyrenees	Proper noun	tr	the mountain range separating Spain from France	hun	Pireneusok
eng	Pyrenees	Proper noun	tr	the mountain range separating Spain from France	hye	ÕŠÕ«Ö€Õ¥Õ¶Õ¥ÕµÕ¶Õ¥Ö€	p
eng	Pyrenees	Proper noun	tr	the mountain range separating Spain from France	ita	Pirenei	p
eng	Pyrenees	Proper noun	tr	the mountain range separating Spain from France	jpn	ãƒ”ãƒ¬ãƒãƒ¼å±±è„ˆ	tr=PirenÄ“-sanmyaku
eng	Pyrenees	Proper noun	tr	the mountain range separating Spain from France	lat	PÈ³rÄ“naeÄ«	m-p
eng	Pyrenees	Proper noun	tr	the mountain range separating Spain from France	lav	Pireneji	m-p
eng	Pyrenees	Proper noun	tr	the mountain range separating Spain from France	lit	PirÄ—nai	m-p
eng	Pyrenees	Proper noun	tr	the mountain range separating Spain from France	mkd	ĞŸĞ¸Ñ€Ğ¸Ğ½ĞµÌĞ¸	p
eng	Pyrenees	Proper noun	tr	the mountain range separating Spain from France	nld	PyreneeÃ«n	p
eng	Pyrenees	Proper noun	tr	the mountain range separating Spain from France	nno	Pyreneane
eng	Pyrenees	Proper noun	tr	the mountain range separating Spain from France	nob	Pyreneene
eng	Pyrenees	Proper noun	tr	the mountain range separating Spain from France	oci	PirenÃ¨us	m-p
eng	Pyrenees	Proper noun	tr	the mountain range separating Spain from France	pol	Pireneje	p
eng	Pyrenees	Proper noun	tr	the mountain range separating Spain from France	por	Pireneus	m-p
eng	Pyrenees	Proper noun	tr	the mountain range separating Spain from France	por	PirenÃ©us	m-p
eng	Pyrenees	Proper noun	tr	the mountain range separating Spain from France	ron	Pirinei	m-p
eng	Pyrenees	Proper noun	tr	the mountain range separating Spain from France	rus	ĞŸĞ¸Ñ€ĞµĞ½ĞµÌĞ¸	p
eng	Pyrenees	Proper noun	tr	the mountain range separating Spain from France	slk	Pyreneje	f-p
eng	Pyrenees	Proper noun	tr	the mountain range separating Spain from France	slv	Pyreneji	m-p
eng	Pyrenees	Proper noun	tr	the mountain range separating Spain from France	spa	Pirineos	p
eng	Pyrenees	Proper noun	tr	the mountain range separating Spain from France	swe	PyrenÃ©erna
eng	Pyrenees	Proper noun	tr	the mountain range separating Spain from France	tur	Pireneler
eng	Pyrrhic	Adjective	tr	achieved at excessive cost	ast	pÃ­rricu	m
eng	Pyrrhic	Adjective	tr	achieved at excessive cost	cat	pÃ­rric
eng	Pyrrhic	Adjective	tr	achieved at excessive cost	deu	pyrrhisch
eng	Pyrrhic	Adjective	tr	achieved at excessive cost	deu	Pyrrhus-
eng	Pyrrhic	Adjective	tr	achieved at excessive cost	epo	pirha
eng	Pyrrhic	Adjective	tr	achieved at excessive cost	hun	pirruszi
eng	Pyrrhic	Adjective	tr	achieved at excessive cost	ita	pirrico
eng	Pyrrhic	Adjective	tr	achieved at excessive cost	por	pÃ­rrico
eng	Pyrrhic	Adjective	tr	achieved at excessive cost	spa	pÃ­rrico
eng	Pyrrhic	Adjective	tr	of or relating to Pyrrhus (319/318â€“272 BC), Greek general and statesman	ast	pÃ­rricu	m
eng	Pyrrhic	Adjective	tr	of or relating to Pyrrhus (319/318â€“272 BC), Greek general and statesman	epo	pirha
eng	Pyrrhic	Adjective	tr	of or relating to Pyrrhus (319/318â€“272 BC), Greek general and statesman	hun	pÃ¼rroszi
eng	Pyrrhic victory	Noun	tr	a costly victory	aze	Pirr qÉ™lÉ™bÉ™si
eng	Pyrrhic victory	Noun	tr	a costly victory	bul	ĞŸĞ¸ÌÑ€Ğ¾Ğ²Ğ° Ğ¿Ğ¾Ğ±ĞµÌĞ´Ğ°	f
eng	Pyrrhic victory	Noun	tr	a costly victory	ces	Pyrrhovo vÃ­tÄ›zstvÃ­	n
eng	Pyrrhic victory	Noun	tr	a costly victory	cmn	çš®æ´›å£«å¼å‹åˆ©	sc=Hani
eng	Pyrrhic victory	Noun	tr	a costly victory	cmn	çš®æ´›å£«å¼èƒœåˆ©	tr=PÃ­luÃ²shÃ¬ shÃ¬ shÃ¨nglÃ¬	sc=Hani
eng	Pyrrhic victory	Noun	tr	a costly victory	dan	pyrrhussejr	c
eng	Pyrrhic victory	Noun	tr	a costly victory	deu	Pyrrhussieg	m
eng	Pyrrhic victory	Noun	tr	a costly victory	ell	Î ÏÏÏÎµÎ¹Î¿Ï‚ Î½Î¯ÎºÎ·	f
eng	Pyrrhic victory	Noun	tr	a costly victory	epo	Pirha venko
eng	Pyrrhic victory	Noun	tr	a costly victory	fin	Pyrrhoksen voitto
eng	Pyrrhic victory	Noun	tr	a costly victory	fra	victoire Ã  la Pyrrhus	f
eng	Pyrrhic victory	Noun	tr	a costly victory	hun	pirruszi gyÅ‘zelem
eng	Pyrrhic victory	Noun	tr	a costly victory	hye	ÕºÕµÕ¸Ö‚Õ¼Õ¸Õ½ÕµÕ¡Õ¶ Õ°Õ¡Õ²Õ©Õ¡Õ¶Õ¡Õ¯
eng	Pyrrhic victory	Noun	tr	a costly victory	ind	kemenangan piris
eng	Pyrrhic victory	Noun	tr	a costly victory	ind	kemenangan Piris
eng	Pyrrhic victory	Noun	tr	a costly victory	ita	vittoria di Pirro	f
eng	Pyrrhic victory	Noun	tr	a costly victory	jpn	ãƒ”ãƒ¥ãƒ­ã‚¹ã®å‹åˆ©	tr=Pyurosu no shÅri	sc=Jpan
eng	Pyrrhic victory	Noun	tr	a costly victory	lat	victoria Pyrrhica	f
eng	Pyrrhic victory	Noun	tr	a costly victory	mkd	ĞŸĞ¸Ñ€Ğ¾Ğ²Ğ° Ğ¿Ğ¾Ğ±ĞµĞ´Ğ°	f
eng	Pyrrhic victory	Noun	tr	a costly victory	nld	pyrrhusoverwinning
eng	Pyrrhic victory	Noun	tr	a costly victory	nno	pyrrhossiger	m
eng	Pyrrhic victory	Noun	tr	a costly victory	nob	pyrrhosseier	m
eng	Pyrrhic victory	Noun	tr	a costly victory	pol	pyrrusowe zwyciÄ™stwo	n
eng	Pyrrhic victory	Noun	tr	a costly victory	por	vitÃ³ria de Pirro	f
eng	Pyrrhic victory	Noun	tr	a costly victory	por	vitÃ³ria pÃ­rrica	f
eng	Pyrrhic victory	Noun	tr	a costly victory	por	vitÃ³ria pirrÃ³nica	f
eng	Pyrrhic victory	Noun	tr	a costly victory	por	vitÃ³ria pirrÃ´nica	f
eng	Pyrrhic victory	Noun	tr	a costly victory	ron	victorie Ã  la Pirus	f
eng	Pyrrhic victory	Noun	tr	a costly victory	rus	ĞŸĞ¸ÌÑ€Ñ€Ğ¾Ğ²Ğ° Ğ¿Ğ¾Ğ±ĞµÌĞ´Ğ°	f
eng	Pyrrhic victory	Noun	tr	a costly victory	slk	Pyrrhovo vÃ­Å¥azstvo	n
eng	Pyrrhic victory	Noun	tr	a costly victory	spa	victoria pÃ­rrica	f
eng	Pyrrhic victory	Noun	tr	a costly victory	swe	Pyrrhusseger
eng	Pyrrhonian	Adjective	tr	characteristic of the Greek philosopher Pyrrho	ita	pirroniano
eng	Pyrrhus	Proper noun	tr	Greek given name	ell	Î ÏÏÏÎ¿Ï‚	m
eng	Pyrrhus	Proper noun	tr	Greek given name	fin	Pyrrhos
eng	Pyrrhus	Proper noun	tr	Greek given name	hun	PÃ¼rrosz
eng	Pyrrhus	Proper noun	tr	Greek given name	hye	ÕŠÕµÕ¸Ö‚Õ¼Õ¸Õ½
eng	Pyrrhus	Proper noun	tr	Greek given name	rus	ĞŸĞ¸Ñ€Ñ€	m
eng	Pythagoras	Proper noun	tr	Ancient Greek mathematician and philosopher	acw	ÙÙŠØ«Ø§ØºÙˆØ±Ø³	m	tr=fÄ«á¹¯Äá¸¡Års
eng	Pythagoras	Proper noun	tr	Ancient Greek mathematician and philosopher	ara	ÙÙÙŠØ«ÙØ§ØºÙÙˆØ±ÙØ³
eng	Pythagoras	Proper noun	tr	Ancient Greek mathematician and philosopher	ast	PitÃ¡goras
eng	Pythagoras	Proper noun	tr	Ancient Greek mathematician and philosopher	aze	Pifaqor
eng	Pythagoras	Proper noun	tr	Ancient Greek mathematician and philosopher	ben	à¦ªà¦¿à¦¥à¦¾à¦—à§‹à¦°à¦¾à¦¸
eng	Pythagoras	Proper noun	tr	Ancient Greek mathematician and philosopher	bul	ĞŸĞ¸Ñ‚Ğ°Ğ³Ğ¾Ñ€	m
eng	Pythagoras	Proper noun	tr	Ancient Greek mathematician and philosopher	cat	PitÃ gores
eng	Pythagoras	Proper noun	tr	Ancient Greek mathematician and philosopher	ces	Pythagoras	m
eng	Pythagoras	Proper noun	tr	Ancient Greek mathematician and philosopher	cmn	æ¯•è¾¾å“¥æ‹‰æ–¯	tr=BÃ¬dÃ¡gÄ“lÄsÄ«	sc=Hani
eng	Pythagoras	Proper noun	tr	Ancient Greek mathematician and philosopher	cmn	ç•¢é”å“¥æ‹‰æ–¯	sc=Hani
eng	Pythagoras	Proper noun	tr	Ancient Greek mathematician and philosopher	cym	Pythagoras
eng	Pythagoras	Proper noun	tr	Ancient Greek mathematician and philosopher	dan	Pythagoras
eng	Pythagoras	Proper noun	tr	Ancient Greek mathematician and philosopher	deu	Pythagoras
eng	Pythagoras	Proper noun	tr	Ancient Greek mathematician and philosopher	ell	Î Ï…Î¸Î±Î³ÏŒÏÎ±Ï‚
eng	Pythagoras	Proper noun	tr	Ancient Greek mathematician and philosopher	epo	Pitagoro
eng	Pythagoras	Proper noun	tr	Ancient Greek mathematician and philosopher	est	Pythagoras
eng	Pythagoras	Proper noun	tr	Ancient Greek mathematician and philosopher	eus	Pythagoras
eng	Pythagoras	Proper noun	tr	Ancient Greek mathematician and philosopher	fas	Ù¾ÛŒØªØ§Ú¯ÙˆØ±Ø§Ø³	tr=pitÃ¢gurÃ¢s
eng	Pythagoras	Proper noun	tr	Ancient Greek mathematician and philosopher	fas	ÙÛŒØ«Ø§ØºÙˆØ±Ø«	tr=fisÃ¢ÄŸures
eng	Pythagoras	Proper noun	tr	Ancient Greek mathematician and philosopher	fin	Pythagoras
eng	Pythagoras	Proper noun	tr	Ancient Greek mathematician and philosopher	fra	Pythagore
eng	Pythagoras	Proper noun	tr	Ancient Greek mathematician and philosopher	gla	Pythagoras
eng	Pythagoras	Proper noun	tr	Ancient Greek mathematician and philosopher	glg	PitÃ¡goras
eng	Pythagoras	Proper noun	tr	Ancient Greek mathematician and philosopher	grc	Î Ï…Î¸Î±Î³ÏŒÏÎ±Ï‚	m
eng	Pythagoras	Proper noun	tr	Ancient Greek mathematician and philosopher	hbs	Pitagora	m	sc=Latn
eng	Pythagoras	Proper noun	tr	Ancient Greek mathematician and philosopher	hbs	ĞŸĞ¸Ñ‚Ğ°Ğ³Ğ¾Ñ€Ğ°	m	sc=Cyrl
eng	Pythagoras	Proper noun	tr	Ancient Greek mathematician and philosopher	heb	×¤×™×ª×’×•×¨×¡
eng	Pythagoras	Proper noun	tr	Ancient Greek mathematician and philosopher	hun	PÃ¼thagorasz
eng	Pythagoras	Proper noun	tr	Ancient Greek mathematician and philosopher	hye	ÕŠÕµÕ¸Ö‚Õ©Õ¡Õ£Õ¸Ö€Õ¡Õ½
eng	Pythagoras	Proper noun	tr	Ancient Greek mathematician and philosopher	ido	Pitagoro
eng	Pythagoras	Proper noun	tr	Ancient Greek mathematician and philosopher	ind	Pythagoras
eng	Pythagoras	Proper noun	tr	Ancient Greek mathematician and philosopher	isl	PÃ½Ã¾agÃ³ras
eng	Pythagoras	Proper noun	tr	Ancient Greek mathematician and philosopher	ita	Pitagora
eng	Pythagoras	Proper noun	tr	Ancient Greek mathematician and philosopher	jav	Pythagoras
eng	Pythagoras	Proper noun	tr	Ancient Greek mathematician and philosopher	jpn	ãƒ”ã‚¿ã‚´ãƒ©ã‚¹	tr=Pitagorasu
eng	Pythagoras	Proper noun	tr	Ancient Greek mathematician and philosopher	jpn	ãƒ”ãƒ¥ã‚¿ã‚´ãƒ©ã‚¹	tr=Pyutagorasu
eng	Pythagoras	Proper noun	tr	Ancient Greek mathematician and philosopher	kat	áƒáƒ˜áƒ—áƒáƒ’áƒáƒ áƒ
eng	Pythagoras	Proper noun	tr	Ancient Greek mathematician and philosopher	khm	á–á¸áá¶á€áš
eng	Pythagoras	Proper noun	tr	Ancient Greek mathematician and philosopher	kor	^í”¼íƒ€ê³ ë¼ìŠ¤
eng	Pythagoras	Proper noun	tr	Ancient Greek mathematician and philosopher	lat	Pythagoras
eng	Pythagoras	Proper noun	tr	Ancient Greek mathematician and philosopher	lav	Pitagors
eng	Pythagoras	Proper noun	tr	Ancient Greek mathematician and philosopher	lit	Pitagoras
eng	Pythagoras	Proper noun	tr	Ancient Greek mathematician and philosopher	ltz	Pythagoras
eng	Pythagoras	Proper noun	tr	Ancient Greek mathematician and philosopher	mar	à¤ªà¤¾à¤¯à¥à¤¥à¤¾à¤—à¥‹à¤°à¤¾à¤¸	m
eng	Pythagoras	Proper noun	tr	Ancient Greek mathematician and philosopher	mkd	ĞŸĞ¸Ñ‚Ğ°Ğ³Ğ¾Ñ€Ğ°	m
eng	Pythagoras	Proper noun	tr	Ancient Greek mathematician and philosopher	msa	Pythagoras
eng	Pythagoras	Proper noun	tr	Ancient Greek mathematician and philosopher	nds	Pythagoras
eng	Pythagoras	Proper noun	tr	Ancient Greek mathematician and philosopher	nld	Pythagoras
eng	Pythagoras	Proper noun	tr	Ancient Greek mathematician and philosopher	nor	Pythagoras
eng	Pythagoras	Proper noun	tr	Ancient Greek mathematician and philosopher	pol	Pitagoras
eng	Pythagoras	Proper noun	tr	Ancient Greek mathematician and philosopher	por	PitÃ¡goras
eng	Pythagoras	Proper noun	tr	Ancient Greek mathematician and philosopher	ron	Pitagora
eng	Pythagoras	Proper noun	tr	Ancient Greek mathematician and philosopher	rus	ĞŸĞ¸Ñ„Ğ°Ğ³Ğ¾ÌÑ€	m
eng	Pythagoras	Proper noun	tr	Ancient Greek mathematician and philosopher	scn	PitÃ gura
eng	Pythagoras	Proper noun	tr	Ancient Greek mathematician and philosopher	slk	Pytagoras
eng	Pythagoras	Proper noun	tr	Ancient Greek mathematician and philosopher	slv	PitÃ¡gora	m
eng	Pythagoras	Proper noun	tr	Ancient Greek mathematician and philosopher	slv	PitÃ¡goras	m
eng	Pythagoras	Proper noun	tr	Ancient Greek mathematician and philosopher	spa	PitÃ¡goras
eng	Pythagoras	Proper noun	tr	Ancient Greek mathematician and philosopher	sqi	Pitagora
eng	Pythagoras	Proper noun	tr	Ancient Greek mathematician and philosopher	swa	Pithagoras
eng	Pythagoras	Proper noun	tr	Ancient Greek mathematician and philosopher	swe	Pythagoras	c
eng	Pythagoras	Proper noun	tr	Ancient Greek mathematician and philosopher	tgl	Pythagoras
eng	Pythagoras	Proper noun	tr	Ancient Greek mathematician and philosopher	tha	à¸à¸µà¸—à¸²à¹‚à¸à¸£à¸±à¸ª
eng	Pythagoras	Proper noun	tr	Ancient Greek mathematician and philosopher	tur	Pisagor
eng	Pythagoras	Proper noun	tr	Ancient Greek mathematician and philosopher	ukr	ĞŸÑ–Ñ„Ğ°Ğ³Ğ¾ÌÑ€
eng	Pythagoras	Proper noun	tr	Ancient Greek mathematician and philosopher	vie	Pytago
eng	Pythagoras	Proper noun	tr	Ancient Greek mathematician and philosopher	xcl	ÕŠÕ«Ö‚Õ©Õ¡Õ£Õ¸Ö€Õ¡Õ½
eng	Pythagoras	Proper noun	tr	Ancient Greek mathematician and philosopher	yid	×¤Ö¼×™×˜×Ö·×’×Ö¸×¨×Ö·×¡
eng	Pythagorean	Adjective	tr	of or relating to Pythagoras or his philosophy	cat	pitagÃ²ric
eng	Pythagorean	Adjective	tr	of or relating to Pythagoras or his philosophy	ces	pythagorejskÃ½
eng	Pythagorean	Adjective	tr	of or relating to Pythagoras or his philosophy	deu	pythagorÃ¤isch
eng	Pythagorean	Adjective	tr	of or relating to Pythagoras or his philosophy	deu	pythagoreisch
eng	Pythagorean	Adjective	tr	of or relating to Pythagoras or his philosophy	epo	hipitagorana
eng	Pythagorean	Adjective	tr	of or relating to Pythagoras or his philosophy	epo	jipitagorana
eng	Pythagorean	Adjective	tr	of or relating to Pythagoras or his philosophy	epo	pitagora
eng	Pythagorean	Adjective	tr	of or relating to Pythagoras or his philosophy	epo	pitagorana
eng	Pythagorean	Adjective	tr	of or relating to Pythagoras or his philosophy	epo	pitagorisma
eng	Pythagorean	Adjective	tr	of or relating to Pythagoras or his philosophy	fin	pythagoralainen
eng	Pythagorean	Adjective	tr	of or relating to Pythagoras or his philosophy	fra	pythagoricien
eng	Pythagorean	Adjective	tr	of or relating to Pythagoras or his philosophy	ita	pitagorico	m
eng	Pythagorean	Adjective	tr	of or relating to Pythagoras or his philosophy	spa	pitagÃ³rico
eng	Pythagorean	Adjective	tr	of or relating to Pythagoras or his philosophy	swe	pythagoreisk
eng	Pythagorean	Adjective	tr	of or relating to Pythagoras or his philosophy	vol	hipÃ¼tagoranik
eng	Pythagorean	Adjective	tr	of or relating to Pythagoras or his philosophy	vol	jipÃ¼tagoranik
eng	Pythagorean	Adjective	tr	of or relating to Pythagoras or his philosophy	vol	pÃ¼tagoranik
eng	Pythagorean	Adjective	tr	of or relating to Pythagoras or his philosophy	vol	pÃ¼tagorasik
eng	Pythagorean	Adjective	tr	of or relating to Pythagoras or his philosophy	vol	pÃ¼tagorik
eng	Pythagoreanism	Noun	tr	beliefs held by Pythagoras and his followers	ces	pythagoreismus	m
eng	Pythagoreanism	Noun	tr	beliefs held by Pythagoras and his followers	ces	pythagorejstvÃ­	n
eng	Pythagoreanism	Noun	tr	beliefs held by Pythagoras and his followers	fin	pythagoralaisuus
eng	Pythagoreanism	Noun	tr	beliefs held by Pythagoras and his followers	ita	pitagoreismo	m
eng	Pythagoreanism	Noun	tr	beliefs held by Pythagoras and his followers	ita	pitagorismo	m
eng	Pythagoreanism	Noun	tr	beliefs held by Pythagoras and his followers	pol	pitagoreizm	m
eng	Pythagorean	Noun	tr	follower of Pythagoras	ces	pythagorejec	m
eng	Pythagorean	Noun	tr	follower of Pythagoras	ces	pythagorovec	m
eng	Pythagorean	Noun	tr	follower of Pythagoras	deu	PythagorÃ¤erin	f
eng	Pythagorean	Noun	tr	follower of Pythagoras	deu	PythagorÃ¤er	m
eng	Pythagorean	Noun	tr	follower of Pythagoras	deu	Pythagoreerin	f
eng	Pythagorean	Noun	tr	follower of Pythagoras	deu	Pythagoreer	m
eng	Pythagorean	Noun	tr	follower of Pythagoras	epo	hipitagorano
eng	Pythagorean	Noun	tr	follower of Pythagoras	epo	pitagoranino
eng	Pythagorean	Noun	tr	follower of Pythagoras	epo	pitagorano
eng	Pythagorean	Noun	tr	follower of Pythagoras	fin	pythagoralainen
eng	Pythagorean	Noun	tr	follower of Pythagoras	fra	pythagoricien	m
eng	Pythagorean	Noun	tr	follower of Pythagoras	fra	pythagoricienne	f
eng	Pythagorean	Noun	tr	follower of Pythagoras	ita	pitagorico	m
eng	Pythagorean	Noun	tr	follower of Pythagoras	spa	pitagÃ³rico	m
eng	Pythagorean	Noun	tr	follower of Pythagoras	vol	hipÃ¼tagoran
eng	Pythagorean	Noun	tr	follower of Pythagoras	vol	jipÃ¼tagoran
eng	Pythagorean	Noun	tr	follower of Pythagoras	vol	pÃ¼tagoran
eng	Pythagorean theorem	Proper noun	tr	mathematical theorem	ara	Ù…ÙØ¨ÙØ±Ù’Ù‡ÙÙ†ÙØ©Ù’ ÙÙÙŠØ«ÙØ§ØºÙÙˆØ±ÙØ³	f
eng	Pythagorean theorem	Proper noun	tr	mathematical theorem	ces	Pythagorova vÄ›ta	f
eng	Pythagorean theorem	Proper noun	tr	mathematical theorem	cmn	å‹¾è‚¡å®šç†	tr=gÅugÇ” dÃ¬nglÇ	sc=Hani
eng	Pythagorean theorem	Proper noun	tr	mathematical theorem	cmn	æ¯•è¾¾å“¥æ‹‰æ–¯å®šç†	tr=BÃ¬dÃ¡gÄ“lÄsÄ«-dÃ¬nglÇ	sc=Hani
eng	Pythagorean theorem	Proper noun	tr	mathematical theorem	cmn	ç•¢é”å“¥æ‹‰æ–¯å®šç†	sc=Hani
eng	Pythagorean theorem	Proper noun	tr	mathematical theorem	deu	Satz des Pythagoras	m
eng	Pythagorean theorem	Proper noun	tr	mathematical theorem	fin	Pythagoraan lause
eng	Pythagorean theorem	Proper noun	tr	mathematical theorem	fra	thÃ©orÃ¨me de Pythagore	m
eng	Pythagorean theorem	Proper noun	tr	mathematical theorem	hun	Pitagorasz-tÃ©tel
eng	Pythagorean theorem	Proper noun	tr	mathematical theorem	hye	ÕŠÕµÕ¸Ö‚Õ©Õ¡Õ£Õ¸Ö€Õ¡Õ½Õ« Õ©Õ¥Õ¸Ö€Õ¥Õ´
eng	Pythagorean theorem	Proper noun	tr	mathematical theorem	isl	PÃ½Ã¾agÃ³rasarregla
eng	Pythagorean theorem	Proper noun	tr	mathematical theorem	isl	regla PÃ½Ã¾agÃ³rasar
eng	Pythagorean theorem	Proper noun	tr	mathematical theorem	isl	setning PÃ½Ã¾agÃ³rasar
eng	Pythagorean theorem	Proper noun	tr	mathematical theorem	ita	teorema di Pitagora
eng	Pythagorean theorem	Proper noun	tr	mathematical theorem	jpn	ãƒ”ã‚¿ã‚´ãƒ©ã‚¹ã®å®šç†	tr=Pitagorasu no teiri
eng	Pythagorean theorem	Proper noun	tr	mathematical theorem	jpn	ä¸‰å¹³æ–¹ã®å®šç†	tr=ã•ã‚“ã¸ã„ã»ã†ã®ã¦ã„ã‚Š, sanhÄ“Å no tÄ“ri
eng	Pythagorean theorem	Proper noun	tr	mathematical theorem	lat	theorema Pythagorae	n
eng	Pythagorean theorem	Proper noun	tr	mathematical theorem	lav	Pitagora teorÄ“ma	f
eng	Pythagorean theorem	Proper noun	tr	mathematical theorem	mkd	ĞŸĞ¸Ñ‚Ğ°Ğ³Ğ¾Ñ€Ğ¸Ğ½Ğ° Ñ‚ĞµĞ¾Ñ€ĞµĞ¼Ğ°	f
eng	Pythagorean theorem	Proper noun	tr	mathematical theorem	msa	teorem Pitagoras
eng	Pythagorean theorem	Proper noun	tr	mathematical theorem	nld	stelling van Pythagoras	f
eng	Pythagorean theorem	Proper noun	tr	mathematical theorem	pol	twierdzenie Pitagorasa	n
eng	Pythagorean theorem	Proper noun	tr	mathematical theorem	por	teorema de PitÃ¡goras	m
eng	Pythagorean theorem	Proper noun	tr	mathematical theorem	rus	Ñ‚ĞµĞ¾Ñ€ĞµÌĞ¼Ğ° ĞŸĞ¸Ñ„Ğ°Ğ³Ğ¾ÌÑ€Ğ°	f
eng	Pythagorean theorem	Proper noun	tr	mathematical theorem	spa	teorema de PitÃ¡goras
eng	Pythagorean theorem	Proper noun	tr	mathematical theorem	swe	Pythagoras sats	c
eng	Pythagorean theorem	Proper noun	tr	mathematical theorem	ukr	Ñ‚ĞµĞ¾Ñ€ĞµÌĞ¼Ğ° ĞŸÑ–Ñ„Ğ°Ğ³Ğ¾ÌÑ€Ğ°	f
eng	Pythagorean theorem	Proper noun	tr	mathematical theorem	vie	Ä‘á»‹nh lÃ­ Pi-ta-go
eng	Pythagorean trigonometric identity	Noun	tr	statement that sum of squares of sine and cosine equals one	pol	jedynka trygonometryczna	f
eng	Pythagorean triple	Noun	tr	set of three positive integers	fra	triplet pythagoricien	m
eng	Pythagorean triple	Noun	tr	set of three positive integers	isl	pÃ½Ã¾agÃ³rsk Ã¾rennd	f
eng	Pythia	Noun	tr		fra	pythie	f
eng	Pythia	Noun	tr		ita	Pizia	f
eng	Pythia	Noun	tr		rus	ĞŸĞ¸ÌÑ„Ğ¸Ñ
eng	Pythiast	Noun	tr		ita	pitaista
eng	Pythoness	Noun	tr		fra	pythie	f
eng	Pythoness	Noun	tr		rus	Ğ¿Ğ¸ÌÑ„Ğ¸Ñ	f
eng	Python	Proper noun	tr	A programming language	fas	Ù¾Ø§ÛŒØªÙˆÙ†	tr=pÃ¢yton
eng	Python	Proper noun	tr	A programming language	fra	Python	m
eng	Python	Proper noun	tr	A programming language	hin	à¤ªà¤¾à¤‡à¤¥à¤¨
eng	Python	Proper noun	tr	A programming language	jpn	Python
eng	Python	Proper noun	tr	A programming language	jpn	ãƒ‘ã‚¤ã‚½ãƒ³	tr=Paison
eng	Python	Proper noun	tr	A programming language	kor	íŒŒì´ì¬	sc=Kore
eng	Python	Proper noun	tr	A programming language	mar	à¤ªà¤¾à¤¯à¥à¤¥à¤¨	f
eng	Python	Proper noun	tr	A programming language	pol	Python	m
eng	Python	Proper noun	tr	Greek mythology	deu	Python	f
eng	Python	Proper noun	tr	Greek mythology	fra	Python	m
eng	Python	Proper noun	tr	Greek mythology	iku	á²á‘á“
eng	Python	Proper noun	tr	Greek mythology	ita	Python	m
eng	Python	Proper noun	tr	Greek mythology	mar	à¤ªà¤¾à¤¯à¥à¤¥à¤¨
eng	Python	Proper noun	tr	Greek mythology	pol	Pyton	m
eng	Python	Proper noun	tr	Greek mythology	por	Piton	m
eng	Python	Proper noun	tr	Greek mythology	spa	Python	m
eng	Pyu	Noun	tr	people of ancient Burma	cmn	é©ƒ
eng	Pyu	Noun	tr	people of ancient Burma	jpn	ãƒ”ãƒ¥ãƒ¼	tr=pyÅ«
eng	Pyu	Noun	tr	people of ancient Burma	mya	á€•á€»á€°
eng	Pyxis	Proper noun	tr	constellation	deu	Schiffskompass	m
eng	Pyxis	Proper noun	tr	constellation	fin	Kompassi
eng	Pyxis	Proper noun	tr	constellation	fra	Boussole	f
eng	Pyxis	Proper noun	tr	constellation	gle	CompÃ¡s an MhairnÃ©alaigh	m
eng	Pyxis	Proper noun	tr	constellation	glg	CompÃ¡s
eng	Pyxis	Proper noun	tr	constellation	msa	Kompas Pelaut
eng	Pyxis	Proper noun	tr	constellation	pol	Kompas	m
eng	Pyxis	Proper noun	tr	constellation	rus	ĞšĞ¾ÌĞ¼Ğ¿Ğ°Ñ	m
eng	Pyxis	Proper noun	tr	constellation	spa	BrÃºjula
eng	Pyxis	Proper noun	tr	constellation	spa	Pyxis
